scheme_code,scheme_name,canonical_scheme_name,match_key,category
100033,ADITYA BIRLA SUN LIFE LARGE & MID CAP FUND -,ADITYA BIRLA SUN LIFE LARGE & MID CAP FUND -,adityabirlasunlifelargemidcap,mid_cap
100034,ADITYA BIRLA SUN LIFE LARGE & MID CAP FUND - -,ADITYA BIRLA SUN LIFE LARGE & MID CAP FUND - -,adityabirlasunlifelargemidcap,mid_cap
100080,DSP FLEXI CAP FUND - -,DSP FLEXI CAP FUND - -,dspflexicap,multi_cap
100176,QUANT SMALL CAP FUND - -,QUANT SMALL CAP FUND - -,quantsmallcap,small_cap
100177,QUANT SMALL CAP FUND - -,QUANT SMALL CAP FUND - -,quantsmallcap,small_cap
100218,JM LARGE CAP FUND ( ) -,JM LARGE CAP FUND ( ) -,jmlargecap,large_cap
100219,JM LARGE CAP FUND ( ) -,JM LARGE CAP FUND ( ) -,jmlargecap,large_cap
100312,LIC MF FLEXI CAP FUND- -,LIC MF FLEXI CAP FUND- -,licmfflexicap,multi_cap
100313,LIC MF FLEXI CAP FUND- -,LIC MF FLEXI CAP FUND- -,licmfflexicap,multi_cap
100332,LIC MF LARGE CAP FUND- -,LIC MF LARGE CAP FUND- -,licmflargecap,large_cap
100348,ICICI PRUDENTIAL LARGE & MID CAP FUND -,ICICI PRUDENTIAL LARGE & MID CAP FUND -,iciciprudentiallargemidcap,mid_cap
100349,ICICI PRUDENTIAL LARGE & MID CAP FUND -,ICICI PRUDENTIAL LARGE & MID CAP FUND -,iciciprudentiallargemidcap,mid_cap
100470,FRANKLIN INDIA LARGE CAP FUND -,FRANKLIN INDIA LARGE CAP FUND -,franklinlargecap,large_cap
100471,FRANKLIN INDIA LARGE CAP FUND-,FRANKLIN INDIA LARGE CAP FUND-,franklinlargecap,large_cap
100472,FRANKLIN INDIA MID CAP FUND -,FRANKLIN INDIA MID CAP FUND -,franklinmidcap,mid_cap
100473,FRANKLIN INDIA MID CAP FUND-,FRANKLIN INDIA MID CAP FUND-,franklinmidcap,mid_cap
100475,TATA LARGE CAP FUND - -,TATA LARGE CAP FUND - -,tatalargecap,large_cap
100476,TAURUS FLEXI CAP FUND - -,TAURUS FLEXI CAP FUND - -,taurusflexicap,multi_cap
100477,TAURUS MID CAP FUND - -,TAURUS MID CAP FUND - -,taurusmidcap,mid_cap
100484,FRANKLIN INDIA INDEX FUND- NSE NIFTY 50 INDEX FUND -,FRANKLIN INDIA INDEX FUND- NSE NIFTY 50 INDEX FUND -,franklinindexnsenifty50index,index_fund
100519,FRANKLIN INDIA FLEXI CAP FUND -,FRANKLIN INDIA FLEXI CAP FUND -,franklinflexicap,multi_cap
100520,FRANKLIN INDIA FLEXI CAP FUND -,FRANKLIN INDIA FLEXI CAP FUND -,franklinflexicap,multi_cap
100630,QUANT MULTI CAP FUND- -,QUANT MULTI CAP FUND- -,quantmulticap,multi_cap
100631,QUANT MULTI CAP FUND- -,QUANT MULTI CAP FUND- -,quantmulticap,multi_cap
100650,UTI LARGE CAP FUND - -,UTI LARGE CAP FUND - -,utilargecap,large_cap
100651,UTI LARGE CAP FUND - -,UTI LARGE CAP FUND - -,utilargecap,large_cap
100663,UTI LARGE & MID CAP FUND - -,UTI LARGE & MID CAP FUND - -,utilargemidcap,mid_cap
100664,UTI LARGE & MID CAP FUND - -,UTI LARGE & MID CAP FUND - -,utilargemidcap,mid_cap
100668,UTI FLEXI CAP FUND - -,UTI FLEXI CAP FUND - -,utiflexicap,multi_cap
100669,UTI - FLEXI CAP FUND-,UTI - FLEXI CAP FUND-,utiflexicap,multi_cap
100794,SUNDARAM SMALL CAP FUND - INCOME DISTRIBUTION CUM CAPITAL WITHDRAWAL ( ),SUNDARAM SMALL CAP FUND - INCOME DISTRIBUTION CUM CAPITAL WITHDRAWAL ( ),sundaramsmallcapincomedistributioncumcapitalwithdrawal,small_cap
100795,SUNDARAM SMALL CAP FUND -,SUNDARAM SMALL CAP FUND -,sundaramsmallcap,small_cap
100822,UTI NIFTY 50 INDEX FUND - -,UTI NIFTY 50 INDEX FUND - -,utinifty50index,index_fund
100823,UTI NIFTY 50 INDEX FUND - -,UTI NIFTY 50 INDEX FUND - -,utinifty50index,index_fund
101065,QUANT MID CAP FUND - -,QUANT MID CAP FUND - -,quantmidcap,mid_cap
101066,QUANT MID CAP FUND - -,QUANT MID CAP FUND - -,quantmidcap,mid_cap
101161,NIPPON INDIA MULTI CAP FUND- -,NIPPON INDIA MULTI CAP FUND- -,nipponmulticap,multi_cap
101162,NIPPON INDIA MULTI CAP FUND- -,NIPPON INDIA MULTI CAP FUND- -,nipponmulticap,multi_cap
101163,NIPPON INDIA MULTI CAP FUND -,NIPPON INDIA MULTI CAP FUND -,nipponmulticap,multi_cap
101198,LIC MF BSE SENSEX INDEX FUND- -,LIC MF BSE SENSEX INDEX FUND- -,licmfbsesensexindex,index_fund
101199,LIC MF BSE SENSEX INDEX FUND- -,LIC MF BSE SENSEX INDEX FUND- -,licmfbsesensexindex,index_fund
101200,LIC MF NIFTY 50 INDEX FUND- -,LIC MF NIFTY 50 INDEX FUND- -,licmfnifty50index,index_fund
101201,LIC MF NIFTY 50 INDEX FUND- -,LIC MF NIFTY 50 INDEX FUND- -,licmfnifty50index,index_fund
101209,TAURUS LARGE CAP FUND - -,TAURUS LARGE CAP FUND - -,tauruslargecap,large_cap
101228,ICICI PRUDENTIAL MULTICAP FUND -,ICICI PRUDENTIAL MULTICAP FUND -,iciciprudentialmulticap,multi_cap
101281,HDFC BSE SENSEX INDEX FUND -,HDFC BSE SENSEX INDEX FUND -,hdfcbsesensexindex,index_fund
101313,ADITYA BIRLA SUN LIFE NIFTY 50 INDEX FUND - -,ADITYA BIRLA SUN LIFE NIFTY 50 INDEX FUND - -,adityabirlasunlifenifty50index,index_fund
101314,ADITYA BIRLA SUN LIFE NIFTY 50 INDEX FUND - -,ADITYA BIRLA SUN LIFE NIFTY 50 INDEX FUND - -,adityabirlasunlifenifty50index,index_fund
101349,ICICI PRUDENTIAL NIFTY 50 INDEX FUND - CUMULATIVE,ICICI PRUDENTIAL NIFTY 50 INDEX FUND - CUMULATIVE,iciciprudentialnifty50indexcumulative,index_fund
101525,HDFC NIFTY 50 INDEX FUND -,HDFC NIFTY 50 INDEX FUND -,hdfcnifty50index,index_fund
101530,SBI LARGE & MIDCAP FUND - - INCOME DISTRIBUTION CUM CAPITAL WITHDRAWAL ( ),SBI LARGE & MIDCAP FUND - - INCOME DISTRIBUTION CUM CAPITAL WITHDRAWAL ( ),sbilargemidcapincomedistributioncumcapitalwithdrawal,mid_cap
101538,SUNDARAM MID CAP FUND - INCOME DISTRIBUTION CUM CAPITAL WITHDRAWAL ( ),SUNDARAM MID CAP FUND - INCOME DISTRIBUTION CUM CAPITAL WITHDRAWAL ( ),sundarammidcapincomedistributioncumcapitalwithdrawal,mid_cap
101539,SUNDARAM MID CAP FUND -,SUNDARAM MID CAP FUND -,sundarammidcap,mid_cap
101591,ADITYA BIRLA SUN LIFE MIDCAP FUND - -,ADITYA BIRLA SUN LIFE MIDCAP FUND - -,adityabirlasunlifemidcap,mid_cap
101592,ADITYA BIRLA SUN LIFE MIDCAP FUND-,ADITYA BIRLA SUN LIFE MIDCAP FUND-,adityabirlasunlifemidcap,mid_cap
101593,HSBC LARGE CAP FUND -,HSBC LARGE CAP FUND -,hsbclargecap,large_cap
101594,HSBC LARGE CAP FUND -,HSBC LARGE CAP FUND -,hsbclargecap,large_cap
101635,DSP LARGE CAP FUND - -,DSP LARGE CAP FUND - -,dsplargecap,large_cap
101636,DSP LARGE CAP FUND - -,DSP LARGE CAP FUND - -,dsplargecap,large_cap
101659,TATA NIFTY 50 INDEX FUND -,TATA NIFTY 50 INDEX FUND -,tatanifty50index,index_fund
101705,ICICI PRUDENTIAL BSE SENSEX ETF,ICICI PRUDENTIAL BSE SENSEX ETF,iciciprudentialbsesensexetf,index_fund
101706,ICICI PRUDENTIAL MULTICAP FUND -,ICICI PRUDENTIAL MULTICAP FUND -,iciciprudentialmulticap,multi_cap
101746,TATA S&P BSE SENSEX INDEX FUND -,TATA S&P BSE SENSEX INDEX FUND -,tataspbsesensexindex,index_fund
101762,HDFC FLEXI CAP FUND -,HDFC FLEXI CAP FUND -,hdfcflexicap,multi_cap
101763,HDFC FLEXI CAP FUND -,HDFC FLEXI CAP FUND -,hdfcflexicap,multi_cap
101823,TATA LARGE & MID CAP FUND - OF,TATA LARGE & MID CAP FUND - OF,tatalargemidcapof,mid_cap
101824,TATA LARGE & MID CAP FUND- -,TATA LARGE & MID CAP FUND- -,tatalargemidcap,mid_cap
101922,CANARA ROBECO FLEXICAP FUND - -,CANARA ROBECO FLEXICAP FUND - -,canararobecoflexicap,multi_cap
101923,CANARA ROBECO FLEXICAP FUND - - ( / ),CANARA ROBECO FLEXICAP FUND - - ( / ),canararobecoflexicap,multi_cap
102000,HDFC LARGE CAP FUND - -,HDFC LARGE CAP FUND - -,hdfclargecap,large_cap
102001,HDFC LARGE CAP FUND - -,HDFC LARGE CAP FUND - -,hdfclargecap,large_cap
102020,BARODA BNP PARIBAS MULTI CAP FUND - -,BARODA BNP PARIBAS MULTI CAP FUND - -,barodabnpparibasmulticap,multi_cap
102021,BARODA BNP PARIBAS MULTI CAP FUND - -,BARODA BNP PARIBAS MULTI CAP FUND - -,barodabnpparibasmulticap,multi_cap
102036,TATA LARGE CAP FUND- - OF,TATA LARGE CAP FUND- - OF,tatalargecapof,large_cap
102133,ICICI PRUDENTIAL MULTI SECTOR PASSIVE FOF -,ICICI PRUDENTIAL MULTI SECTOR PASSIVE FOF -,iciciprudentialmultisectorpassivefof,index_fund
102134,ICICI PRUDENTIAL MULTI SECTOR PASSIVE FOF -,ICICI PRUDENTIAL MULTI SECTOR PASSIVE FOF -,iciciprudentialmultisectorpassivefof,index_fund
102251,HSBC FLEXI CAP FUND -,HSBC FLEXI CAP FUND -,hsbcflexicap,multi_cap
102252,HSBC FLEXI CAP FUND -,HSBC FLEXI CAP FUND -,hsbcflexicap,multi_cap
102272,SBI NIFTY INDEX FUND - -,SBI NIFTY INDEX FUND - -,sbiniftyindex,index_fund
102273,SBI NIFTY INDEX FUND - - INCOME DISTRIBUTION CUM CAPITAL WITHDRAWAL ( ),SBI NIFTY INDEX FUND - - INCOME DISTRIBUTION CUM CAPITAL WITHDRAWAL ( ),sbiniftyindexincomedistributioncumcapitalwithdrawal,index_fund
102326,TATA MID CAP FUND- -,TATA MID CAP FUND- -,tatamidcap,mid_cap
102328,TATA MID CAP FUND -,TATA MID CAP FUND -,tatamidcap,mid_cap
102393,UTI MID CAP FUND - -,UTI MID CAP FUND - -,utimidcap,mid_cap
102394,UTI MID CAP FUND-,UTI MID CAP FUND-,utimidcap,mid_cap
102528,ICICI PRUDENTIAL MIDCAP FUND -,ICICI PRUDENTIAL MIDCAP FUND -,iciciprudentialmidcap,mid_cap
102529,ICICI PRUDENTIAL MIDCAP FUND -,ICICI PRUDENTIAL MIDCAP FUND -,iciciprudentialmidcap,mid_cap
102874,KOTAK SMALL CAP FUND - OF INCOME DISTRIBUTION CUM CAPITAL WITHDRAWAL,KOTAK SMALL CAP FUND - OF INCOME DISTRIBUTION CUM CAPITAL WITHDRAWAL,kotaksmallcapofincomedistributioncumcapitalwithdrawal,small_cap
102875,KOTAK SMALL CAP FUND -,KOTAK SMALL CAP FUND -,kotaksmallcap,small_cap
102883,FRANKLIN INDIA LARGE & MID CAP FUND -,FRANKLIN INDIA LARGE & MID CAP FUND -,franklinlargemidcap,mid_cap
102884,FRANKLIN INDIA LARGE & MID CAP FUND -,FRANKLIN INDIA LARGE & MID CAP FUND -,franklinlargemidcap,mid_cap
102920,CANARA ROBECO LARGE AND MID CAP FUND - -,CANARA ROBECO LARGE AND MID CAP FUND - -,canararobecolargeandmidcap,mid_cap
102921,CANARA ROBECO LARGE AND MID CAP FUND - - ( / ),CANARA ROBECO LARGE AND MID CAP FUND - - ( / ),canararobecolargeandmidcap,mid_cap
102941,SBI MIDCAP FUND - -,SBI MIDCAP FUND - -,sbimidcap,mid_cap
102942,SBI MIDCAP FUND - - INCOME DISTRIBUTION CUM CAPITAL WITHDRAWAL ( ),SBI MIDCAP FUND - - INCOME DISTRIBUTION CUM CAPITAL WITHDRAWAL ( ),sbimidcapincomedistributioncumcapitalwithdrawal,mid_cap
103024,SBI LARGE & MIDCAP FUND- -,SBI LARGE & MIDCAP FUND- -,sbilargemidcap,mid_cap
103165,ADITYA BIRLA SUN LIFE FLEXI CAP FUND - -,ADITYA BIRLA SUN LIFE FLEXI CAP FUND - -,adityabirlasunlifeflexicap,multi_cap
103166,ADITYA BIRLA SUN LIFE FLEXI CAP FUND - -,ADITYA BIRLA SUN LIFE FLEXI CAP FUND - -,adityabirlasunlifeflexicap,multi_cap
103173,ADITYA BIRLA SUN LIFE LARGE CAP FUND- -,ADITYA BIRLA SUN LIFE LARGE CAP FUND- -,adityabirlasunlifelargecap,large_cap
103174,ADITYA BIRLA SUN LIFE LARGE CAP FUND-,ADITYA BIRLA SUN LIFE LARGE CAP FUND-,adityabirlasunlifelargecap,large_cap
103215,SBI FLEXICAP FUND - -,SBI FLEXICAP FUND - -,sbiflexicap,multi_cap
103216,SBI FLEXICAP FUND - - INCOME DISTRIBUTION CUM CAPITAL WITHDRAWAL ( ),SBI FLEXICAP FUND - - INCOME DISTRIBUTION CUM CAPITAL WITHDRAWAL ( ),sbiflexicapincomedistributioncumcapitalwithdrawal,multi_cap
103233,KOTAK LARGE & MIDCAP FUND - -,KOTAK LARGE & MIDCAP FUND - -,kotaklargemidcap,mid_cap
103234,KOTAK LARGE & MIDCAP FUND - -,KOTAK LARGE & MIDCAP FUND - -,kotaklargemidcap,mid_cap
103360,FRANKLIN INDIA SMALL CAP FUND-,FRANKLIN INDIA SMALL CAP FUND-,franklinsmallcap,small_cap
103361,FRANKLIN INDIA SMALL CAP FUND -,FRANKLIN INDIA SMALL CAP FUND -,franklinsmallcap,small_cap
103504,SBI LARGE CAP FUND-,SBI LARGE CAP FUND-,sbilargecap,large_cap
103616,SBI LARGE CAP FUND - - INCOME DISTRIBUTION CUM CAPITAL WITHDRAWAL ( ),SBI LARGE CAP FUND - - INCOME DISTRIBUTION CUM CAPITAL WITHDRAWAL ( ),sbilargecapincomedistributioncumcapitalwithdrawal,large_cap
103819,DSP LARGE & MID CAP FUND - -,DSP LARGE & MID CAP FUND - -,dsplargemidcap,mid_cap
103820,DSP LARGE & MID CAP FUND - -,DSP LARGE & MID CAP FUND - -,dsplargemidcap,mid_cap
104481,DSP MIDCAP FUND - -,DSP MIDCAP FUND - -,dspmidcap,mid_cap
104482,DSP MIDCAP FUND - -,DSP MIDCAP FUND - -,dspmidcap,mid_cap
104513,QUANT LARGE & MID CAP FUND -,QUANT LARGE & MID CAP FUND -,quantlargemidcap,mid_cap
104514,QUANT LARGE & MID CAP FUND - -,QUANT LARGE & MID CAP FUND - -,quantlargemidcap,mid_cap
104515,QUANT LARGE & MID CAP FUND - -,QUANT LARGE & MID CAP FUND - -,quantlargemidcap,mid_cap
104907,KOTAK MIDCAP FUND - - - & RE INVESTMENT OF INCOME DISTRIBUTION CUM CAPITAL WITHDRAWAL,KOTAK MIDCAP FUND - - - & RE INVESTMENT OF INCOME DISTRIBUTION CUM CAPITAL WITHDRAWAL,kotakmidcapreinvestmentofincomedistributioncumcapitalwithdrawal,mid_cap
104908,KOTAK MIDCAP FUND - -,KOTAK MIDCAP FUND - -,kotakmidcap,mid_cap
105000,SUNDARAM LARGE AND MIDCAP - INCOME DISTRIBUTION CUM CAPITAL WITHDRAWAL ( ),SUNDARAM LARGE AND MIDCAP - INCOME DISTRIBUTION CUM CAPITAL WITHDRAWAL ( ),sundaramlargeandmidcapincomedistributioncumcapitalwithdrawal,mid_cap
105001,SUNDARAM LARGE AND MIDCAP FUND -,SUNDARAM LARGE AND MIDCAP FUND -,sundaramlargeandmidcap,mid_cap
105067,FRANKLIN INDIA INDEX FUND- NSE NIFTY 50 INDEX FUND -,FRANKLIN INDIA INDEX FUND- NSE NIFTY 50 INDEX FUND -,franklinindexnsenifty50index,index_fund
105503,INVESCO INDIA MIDCAP FUND - -,INVESCO INDIA MIDCAP FUND - -,invescomidcap,mid_cap
105504,INVESCO INDIA MIDCAP FUND - - ( / ),INVESCO INDIA MIDCAP FUND - - ( / ),invescomidcap,mid_cap
105757,HDFC MID CAP FUND -,HDFC MID CAP FUND -,hdfcmidcap,mid_cap
105758,HDFC MID CAP FUND -,HDFC MID CAP FUND -,hdfcmidcap,mid_cap
105804,ADITYA BIRLA SUN LIFE SMALL CAP FUND -,ADITYA BIRLA SUN LIFE SMALL CAP FUND -,adityabirlasunlifesmallcap,small_cap
105805,ADITYA BIRLA SUN LIFE SMALL CAP FUND - -,ADITYA BIRLA SUN LIFE SMALL CAP FUND - -,adityabirlasunlifesmallcap,small_cap
105875,DSP FLEXI CAP FUND - -,DSP FLEXI CAP FUND - -,dspflexicap,multi_cap
105989,DSP SMALL CAP FUND - -,DSP SMALL CAP FUND - -,dspsmallcap,small_cap
106143,INVESCO INDIA LARGE & MID CAP FUND - - ( / ),INVESCO INDIA LARGE & MID CAP FUND - - ( / ),invescolargemidcap,mid_cap
106144,INVESCO INDIA LARGE & MID CAP FUND - -,INVESCO INDIA LARGE & MID CAP FUND - -,invescolargemidcap,mid_cap
106193,KOTAK GOLD ETF,KOTAK GOLD ETF,kotakgoldetf,index_fund
106235,NIPPON INDIA LARGE CAP FUND- -,NIPPON INDIA LARGE CAP FUND- -,nipponlargecap,large_cap
106236,NIPPON INDIA LARGE CAP FUND -,NIPPON INDIA LARGE CAP FUND -,nipponlargecap,large_cap
106240,NIPPON INDIA LARGE CAP FUND-,NIPPON INDIA LARGE CAP FUND-,nipponlargecap,large_cap
106260,NIPPON INDIA MID CAP FUND - INSTITUTIONAL -,NIPPON INDIA MID CAP FUND - INSTITUTIONAL -,nipponmidcapinstitutional,mid_cap
106822,ICICI PRUDENTIAL SMALLCAP FUND -,ICICI PRUDENTIAL SMALLCAP FUND -,iciciprudentialsmallcap,small_cap
106823,ICICI PRUDENTIAL SMALLCAP FUND -,ICICI PRUDENTIAL SMALLCAP FUND -,iciciprudentialsmallcap,small_cap
106871,LIC MF LARGE CAP FUND- -,LIC MF LARGE CAP FUND- -,licmflargecap,large_cap
106929,KOTAK NIFTY PSU BANK ETF,KOTAK NIFTY PSU BANK ETF,kotakniftypsubanketf,index_fund
107352,INVESCO INDIA MULTICAP FUND - - ( / ),INVESCO INDIA MULTICAP FUND - - ( / ),invescomulticap,multi_cap
107353,INVESCO INDIA MULTICAP FUND - -,INVESCO INDIA MULTICAP FUND - -,invescomulticap,multi_cap
107578,MIRAE ASSET LARGE CAP FUND -,MIRAE ASSET LARGE CAP FUND -,miraeassetlargecap,large_cap
107579,MIRAE ASSET LARGE CAP FUND,MIRAE ASSET LARGE CAP FUND,miraeassetlargecap,large_cap
108403,TAURUS LARGE CAP FUND - - OF INCOME DISTRIBUTION CUM CAPITAL WITHDRAWAL,TAURUS LARGE CAP FUND - - OF INCOME DISTRIBUTION CUM CAPITAL WITHDRAWAL,tauruslargecapofincomedistributioncumcapitalwithdrawal,large_cap
108465,ICICI PRUDENTIAL LARGE CAP FUND (ERSTWHILE BLUECHIP FUND) -,ICICI PRUDENTIAL LARGE CAP FUND (ERSTWHILE BLUECHIP FUND) -,iciciprudentiallargecaperstwhilebluechip,large_cap
108466,ICICI PRUDENTIAL LARGE CAP FUND (ERSTWHILE BLUECHIP FUND) -,ICICI PRUDENTIAL LARGE CAP FUND (ERSTWHILE BLUECHIP FUND) -,iciciprudentiallargecaperstwhilebluechip,large_cap
108479,QUANTUM NIFTY 50 ETF,QUANTUM NIFTY 50 ETF,quantumnifty50etf,index_fund
108594,BANDHAN FLEXI CAP FUND - -,BANDHAN FLEXI CAP FUND - -,bandhanflexicap,multi_cap
108595,BANDHAN FLEXI CAP FUND - -,BANDHAN FLEXI CAP FUND - -,bandhanflexicap,multi_cap
108596,BANDHAN LARGE & MID CAP FUND - -,BANDHAN LARGE & MID CAP FUND - -,bandhanlargemidcap,mid_cap
108597,BANDHAN LARGE & MID CAP FUND - -,BANDHAN LARGE & MID CAP FUND - -,bandhanlargemidcap,mid_cap
108799,BANDHAN LARGE CAP FUND - -,BANDHAN LARGE CAP FUND - -,bandhanlargecap,large_cap
108800,BANDHAN LARGE CAP FUND - -,BANDHAN LARGE CAP FUND - -,bandhanlargecap,large_cap
109010,KOTAK BSE SENSEX ETF,KOTAK BSE SENSEX ETF,kotakbsesensexetf,index_fund
109522,JM FLEXICAP FUND ( ) -,JM FLEXICAP FUND ( ) -,jmflexicap,multi_cap
109523,JM FLEXICAP FUND ( ) -,JM FLEXICAP FUND ( ) -,jmflexicap,multi_cap
109830,QUANT FLEXI CAP FUND - -,QUANT FLEXI CAP FUND - -,quantflexicap,multi_cap
109831,QUANT FLEXI CAP FUND - -,QUANT FLEXI CAP FUND - -,quantflexicap,multi_cap
110598,BANK OF INDIA LARGE & MID CAP FUND -,BANK OF INDIA LARGE & MID CAP FUND -,bankoflargemidcap,mid_cap
110599,BANK OF INDIA LARGE & MID CAP FUND ECO -,BANK OF INDIA LARGE & MID CAP FUND ECO -,bankoflargemidcapeco,mid_cap
110601,BANK OF INDIA LARGE & MID CAP FUND ECO -,BANK OF INDIA LARGE & MID CAP FUND ECO -,bankoflargemidcapeco,mid_cap
110603,BANK OF INDIA LARGE & MID CAP FUND -,BANK OF INDIA LARGE & MID CAP FUND -,bankoflargemidcap,mid_cap
110604,BANK OF INDIA LARGE & MID CAP FUND ECO -,BANK OF INDIA LARGE & MID CAP FUND ECO -,bankoflargemidcapeco,mid_cap
110606,BANK OF INDIA LARGE & MID CAP FUND -,BANK OF INDIA LARGE & MID CAP FUND -,bankoflargemidcap,mid_cap
110607,BANK OF INDIA LARGE & MID CAP FUND -,BANK OF INDIA LARGE & MID CAP FUND -,bankoflargemidcap,mid_cap
110608,BANK OF INDIA LARGE & MID CAP FUND ECO -,BANK OF INDIA LARGE & MID CAP FUND ECO -,bankoflargemidcapeco,mid_cap
111640,TAURUS FLEXI CAP FUND - - OF INCOME DISTRIBUTION CUM CAPITAL WITHDRAWAL,TAURUS FLEXI CAP FUND - - OF INCOME DISTRIBUTION CUM CAPITAL WITHDRAWAL,taurusflexicapofincomedistributioncumcapitalwithdrawal,multi_cap
111642,TAURUS MID CAP FUND - - OF INCOME DISTRIBUTION CUM CAPITAL WITHDRAWAL,TAURUS MID CAP FUND - - OF INCOME DISTRIBUTION CUM CAPITAL WITHDRAWAL,taurusmidcapofincomedistributioncumcapitalwithdrawal,mid_cap
111935,EDELWEISS LARGE CAP FUND - B -,EDELWEISS LARGE CAP FUND - B -,edelweisslargecapb,large_cap
111936,EDELWEISS LARGE CAP FUND - -,EDELWEISS LARGE CAP FUND - -,edelweisslargecap,large_cap
111937,EDELWEISS LARGE CAP FUND - C -,EDELWEISS LARGE CAP FUND - C -,edelweisslargecapc,large_cap
111938,EDELWEISS LARGE CAP FUND - B -,EDELWEISS LARGE CAP FUND - B -,edelweisslargecapb,large_cap
111939,EDELWEISS LARGE CAP FUND - C -,EDELWEISS LARGE CAP FUND - C -,edelweisslargecapc,large_cap
111940,EDELWEISS LARGE CAP FUND - -,EDELWEISS LARGE CAP FUND - -,edelweisslargecap,large_cap
111954,SBI GOLD ETF,SBI GOLD ETF,sbigoldetf,index_fund
112089,KOTAK FLEXICAP FUND - OF INCOME DISTRIBUTION CUM CAPITAL WITHDRAWAL,KOTAK FLEXICAP FUND - OF INCOME DISTRIBUTION CUM CAPITAL WITHDRAWAL,kotakflexicapofincomedistributioncumcapitalwithdrawal,multi_cap
112090,KOTAK FLEXICAP FUND -,KOTAK FLEXICAP FUND -,kotakflexicap,multi_cap
112098,INVESCO INDIA LARGECAP FUND - -,INVESCO INDIA LARGECAP FUND - -,invescolargecap,large_cap
112099,INVESCO INDIA LARGECAP FUND - - ( / ),INVESCO INDIA LARGECAP FUND - - ( / ),invescolargecap,large_cap
112277,AXIS LARGE CAP FUND - -,AXIS LARGE CAP FUND - -,axislargecap,large_cap
112278,AXIS LARGE CAP FUND - -,AXIS LARGE CAP FUND - -,axislargecap,large_cap
112327,BANDHAN CONSERVATIVE HYBRID PASSIVE FOF - -,BANDHAN CONSERVATIVE HYBRID PASSIVE FOF - -,bandhanconservativehybridpassivefof,index_fund
112328,BANDHAN CONSERVATIVE HYBRID PASSIVE FOF - -,BANDHAN CONSERVATIVE HYBRID PASSIVE FOF - -,bandhanconservativehybridpassivefof,index_fund
112329,BANDHAN MULTI ASSET PASSIVE FOF - -,BANDHAN MULTI ASSET PASSIVE FOF - -,bandhanmultiassetpassivefof,index_fund
112330,BANDHAN MULTI ASSET PASSIVE FOF - -,BANDHAN MULTI ASSET PASSIVE FOF - -,bandhanmultiassetpassivefof,index_fund
112331,BANDHAN AGGRESSIVE HYBRID PASSIVE FOF - -,BANDHAN AGGRESSIVE HYBRID PASSIVE FOF - -,bandhanaggressivehybridpassivefof,index_fund
112332,BANDHAN AGGRESSIVE HYBRID PASSIVE FOF - -,BANDHAN AGGRESSIVE HYBRID PASSIVE FOF - -,bandhanaggressivehybridpassivefof,index_fund
112351,KOTAK NIFTY 50 ETF,KOTAK NIFTY 50 ETF,kotaknifty50etf,index_fund
112877,BANDHAN NIFTY 50 INDEX FUND - -,BANDHAN NIFTY 50 INDEX FUND - -,bandhannifty50index,index_fund
112878,BANDHAN NIFTY 50 INDEX FUND - -,BANDHAN NIFTY 50 INDEX FUND - -,bandhannifty50index,index_fund
112931,MIRAE ASSET LARGE & MIDCAP FUND - -,MIRAE ASSET LARGE & MIDCAP FUND - -,miraeassetlargemidcap,mid_cap
112932,MIRAE ASSET LARGE & MIDCAP FUND - -,MIRAE ASSET LARGE & MIDCAP FUND - -,miraeassetlargemidcap,mid_cap
112948,TAURUS NIFTY 50 INDEX FUND - -,TAURUS NIFTY 50 INDEX FUND - -,taurusnifty50index,index_fund
112949,TAURUS NIFTY 50 INDEX FUND - - OF INCOME DISTRIBUTION CUM CAPITAL WITHDRAWAL,TAURUS NIFTY 50 INDEX FUND - - OF INCOME DISTRIBUTION CUM CAPITAL WITHDRAWAL,taurusnifty50indexofincomedistributioncumcapitalwithdrawal,index_fund
112957,ICICI PRUDENTIAL NIFTY NEXT 50 INDEX FUND -,ICICI PRUDENTIAL NIFTY NEXT 50 INDEX FUND -,iciciprudentialniftynext50index,index_fund
112958,ICICI PRUDENTIAL NIFTY NEXT 50 INDEX FUND -,ICICI PRUDENTIAL NIFTY NEXT 50 INDEX FUND -,iciciprudentialniftynext50index,index_fund
113049,HDFC GOLD ETF -,HDFC GOLD ETF -,hdfcgoldetf,index_fund
113062,IDBI NIFTY 50 INDEX FUND,IDBI NIFTY 50 INDEX FUND,idbinifty50index,index_fund
113063,IDBI NIFTY 50 INDEX FUND,IDBI NIFTY 50 INDEX FUND,idbinifty50index,index_fund
113069,MOTILAL OSWAL NIFTY 50 ETF,MOTILAL OSWAL NIFTY 50 ETF,motilaloswalnifty50etf,index_fund
113076,ICICI PRUDENTIAL GOLD ETF,ICICI PRUDENTIAL GOLD ETF,iciciprudentialgoldetf,index_fund
113153,DSP SMALL CAP FUND - -,DSP SMALL CAP FUND - -,dspsmallcap,small_cap
113177,NIPPON INDIA SMALL CAP FUND - -,NIPPON INDIA SMALL CAP FUND - -,nipponsmallcap,small_cap
113178,NIPPON INDIA SMALL CAP FUND - -,NIPPON INDIA SMALL CAP FUND - -,nipponsmallcap,small_cap
113179,NIPPON INDIA SMALL CAP FUND -,NIPPON INDIA SMALL CAP FUND -,nipponsmallcap,small_cap
113221,CANARA ROBECO LARGE CAP FUND - -,CANARA ROBECO LARGE CAP FUND - -,canararobecolargecap,large_cap
113222,CANARA ROBECO LARGE CAP FUND - - ( / ),CANARA ROBECO LARGE CAP FUND - - ( / ),canararobecolargecap,large_cap
113249,IDBI NIFTY NEXT 50 INDEX FUND,IDBI NIFTY NEXT 50 INDEX FUND,idbiniftynext50index,index_fund
113250,IDBI NIFTY NEXT 50 INDEX FUND,IDBI NIFTY NEXT 50 INDEX FUND,idbiniftynext50index,index_fund
113269,NIPPON INDIA INDEX FUND - BSE SENSEX - -,NIPPON INDIA INDEX FUND - BSE SENSEX - -,nipponindexbsesensex,index_fund
113270,NIPPON INDIA INDEX FUND - BSE SENSEX - -,NIPPON INDIA INDEX FUND - BSE SENSEX - -,nipponindexbsesensex,index_fund
113271,NIPPON INDIA INDEX FUND - BSE SENSEX - -,NIPPON INDIA INDEX FUND - BSE SENSEX - -,nipponindexbsesensex,index_fund
113294,NIPPON INDIA INDEX FUND - BSE SENSEX - HALF YEARLY -,NIPPON INDIA INDEX FUND - BSE SENSEX - HALF YEARLY -,nipponindexbsesensexhalfyearly,index_fund
113295,NIPPON INDIA INDEX FUND - BSE SENSEX - -,NIPPON INDIA INDEX FUND - BSE SENSEX - -,nipponindexbsesensex,index_fund
113296,NIPPON INDIA INDEX FUND - NIFTY 50 - -,NIPPON INDIA INDEX FUND - NIFTY 50 - -,nipponindexnifty50,index_fund
113297,NIPPON INDIA INDEX FUND - NIFTY 50 - -,NIPPON INDIA INDEX FUND - NIFTY 50 - -,nipponindexnifty50,index_fund
113298,NIPPON INDIA INDEX FUND - NIFTY 50 - -,NIPPON INDIA INDEX FUND - NIFTY 50 - -,nipponindexnifty50,index_fund
113299,NIPPON INDIA INDEX FUND - NIFTY 50 - HALF YEARLY -,NIPPON INDIA INDEX FUND - NIFTY 50 - HALF YEARLY -,nipponindexnifty50halfyearly,index_fund
113300,NIPPON INDIA INDEX FUND - NIFTY 50 - -,NIPPON INDIA INDEX FUND - NIFTY 50 - -,nipponindexnifty50,index_fund
113434,AXIS GOLD ETF,AXIS GOLD ETF,axisgoldetf,index_fund
114456,MOTILAL OSWAL NIFTY MIDCAP 100 ETF,MOTILAL OSWAL NIFTY MIDCAP 100 ETF,motilaloswalniftymidcap100etf,index_fund
114457,KOTAK LARGE CAP FUND - OF INCOME DISTRIBUTION CUMCAPITAL WITHDRAWAL,KOTAK LARGE CAP FUND - OF INCOME DISTRIBUTION CUMCAPITAL WITHDRAWAL,kotaklargecapofincomedistributioncumcapitalwithdrawal,large_cap
114458,KOTAK LARGE CAP FUND -,KOTAK LARGE CAP FUND -,kotaklargecap,large_cap
114564,AXIS MIDCAP FUND - -,AXIS MIDCAP FUND - -,axismidcap,mid_cap
114565,AXIS MIDCAP FUND - -,AXIS MIDCAP FUND - -,axismidcap,mid_cap
114984,MOTILAL OSWAL NASDAQ 100 ETF (MOFN100),MOTILAL OSWAL NASDAQ 100 ETF (MOFN100),motilaloswalnasdaq100etfmofn100,index_fund
115127,ADITYA BIRLA SUN LIFE GOLD ETF,ADITYA BIRLA SUN LIFE GOLD ETF,adityabirlasunlifegoldetf,index_fund
115270,UNION FLEXI CAP FUND -,UNION FLEXI CAP FUND -,unionflexicap,multi_cap
115284,INVESCO INDIA NIFTY 50 EXCHANGE TRADED FUND,INVESCO INDIA NIFTY 50 EXCHANGE TRADED FUND,invesconifty50exchangetraded,index_fund
115290,UNION FLEXI CAP FUND -,UNION FLEXI CAP FUND -,unionflexicap,multi_cap
115512,ADITYA BIRLA SUN LIFE NIFTY 50 ETF,ADITYA BIRLA SUN LIFE NIFTY 50 ETF,adityabirlasunlifenifty50etf,index_fund
115934,HDFC GOLD ETF FUND OF FUND -,HDFC GOLD ETF FUND OF FUND -,hdfcgoldetfof,index_fund
116075,INVESCO INDIA GOLD ETF FUND OF FUND - - ( / ),INVESCO INDIA GOLD ETF FUND OF FUND - - ( / ),invescogoldetfof,index_fund
116077,INVESCO INDIA GOLD ETF FUND OF FUND - -,INVESCO INDIA GOLD ETF FUND OF FUND - -,invescogoldetfof,index_fund
116547,GROWW LARGECAP FUND (FORMERLY KNOWN AS INDIABULLS BLUE CHIP FUND) - -,GROWW LARGECAP FUND (FORMERLY KNOWN AS INDIABULLS BLUE CHIP FUND) - -,growwlargecapformerlyknownasindiabullsbluechip,large_cap
116548,GROWW LARGECAP FUND (FORMERLY KNOWN AS INDIABULLS BLUECHIP FUND)- - - INCOME DISTRIBUTION CUM CAPITAL WITHDRAWAL ( & ),GROWW LARGECAP FUND (FORMERLY KNOWN AS INDIABULLS BLUECHIP FUND)- - - INCOME DISTRIBUTION CUM CAPITAL WITHDRAWAL ( & ),growwlargecapformerlyknownasindiabullsbluechipincomedistributioncumcapitalwithdrawal,large_cap
117619,ICICI PRUDENTIAL US BLUECHIP EQUITY FUND -,ICICI PRUDENTIAL US BLUECHIP EQUITY FUND -,iciciprudentialusbluechipequity,large_cap
117620,ICICI PRUDENTIAL US BLUECHIP EQUITY FUND -,ICICI PRUDENTIAL US BLUECHIP EQUITY FUND -,iciciprudentialusbluechipequity,large_cap
118269,CANARA ROBECO LARGE CAP FUND - -,CANARA ROBECO LARGE CAP FUND - -,canararobecolargecap,large_cap
118270,CANARA ROBECO LARGE CAP FUND - - ( / ),CANARA ROBECO LARGE CAP FUND - - ( / ),canararobecolargecap,large_cap
118275,CANARA ROBECO FLEXICAP FUND - -,CANARA ROBECO FLEXICAP FUND - -,canararobecoflexicap,multi_cap
118276,CANARA ROBECO FLEXICAP FUND - - ( / ),CANARA ROBECO FLEXICAP FUND - - ( / ),canararobecoflexicap,multi_cap
118277,CANARA ROBECO LARGE AND MID CAP FUND - - ( / ),CANARA ROBECO LARGE AND MID CAP FUND - - ( / ),canararobecolargeandmidcap,mid_cap
118278,CANARA ROBECO LARGE AND MID CAP FUND - -,CANARA ROBECO LARGE AND MID CAP FUND - -,canararobecolargeandmidcap,mid_cap
118347,IDBI NIFTY 50 INDEX FUND,IDBI NIFTY 50 INDEX FUND,idbinifty50index,index_fund
118348,IDBI NIFTY NEXT 50 INDEX FUND,IDBI NIFTY NEXT 50 INDEX FUND,idbiniftynext50index,index_fund
118419,BANDHAN LARGE & MID CAP FUND - -,BANDHAN LARGE & MID CAP FUND - -,bandhanlargemidcap,mid_cap
118420,BANDHAN LARGE & MID CAP FUND - -,BANDHAN LARGE & MID CAP FUND - -,bandhanlargemidcap,mid_cap
118423,BANDHAN FLEXI CAP FUND- -,BANDHAN FLEXI CAP FUND- -,bandhanflexicap,multi_cap
118424,BANDHAN FLEXI CAP FUND- -,BANDHAN FLEXI CAP FUND- -,bandhanflexicap,multi_cap
118455,IDBI NIFTY 50 INDEX FUND,IDBI NIFTY 50 INDEX FUND,idbinifty50index,index_fund
118456,IDBI NIFTY NEXT 50 INDEX FUND,IDBI NIFTY NEXT 50 INDEX FUND,idbiniftynext50index,index_fund
118462,FRANKLIN INDIA LARGE CAP FUND - -,FRANKLIN INDIA LARGE CAP FUND - -,franklinlargecap,large_cap
118478,BANDHAN LARGE CAP FUND- -,BANDHAN LARGE CAP FUND- -,bandhanlargecap,large_cap
118479,BANDHAN LARGE CAP FUND- -,BANDHAN LARGE CAP FUND- -,bandhanlargecap,large_cap
118482,BANDHAN NIFTY 50 INDEX FUND- -,BANDHAN NIFTY 50 INDEX FUND- -,bandhannifty50index,index_fund
118483,BANDHAN NIFTY 50 INDEX FUND- -,BANDHAN NIFTY 50 INDEX FUND- -,bandhannifty50index,index_fund
118484,BANDHAN AGGRESSIVE HYBRID PASSIVE FOF - -,BANDHAN AGGRESSIVE HYBRID PASSIVE FOF - -,bandhanaggressivehybridpassivefof,index_fund
118485,BANDHAN AGGRESSIVE HYBRID PASSIVE FOF - -,BANDHAN AGGRESSIVE HYBRID PASSIVE FOF - -,bandhanaggressivehybridpassivefof,index_fund
118486,BANDHAN CONSERVATIVE HYBRID PASSIVE FOF - -,BANDHAN CONSERVATIVE HYBRID PASSIVE FOF - -,bandhanconservativehybridpassivefof,index_fund
118487,BANDHAN CONSERVATIVE HYBRID PASSIVE FOF - -,BANDHAN CONSERVATIVE HYBRID PASSIVE FOF - -,bandhanconservativehybridpassivefof,index_fund
118488,BANDHAN MULTI ASSET PASSIVE FOF - -,BANDHAN MULTI ASSET PASSIVE FOF - -,bandhanmultiassetpassivefof,index_fund
118489,BANDHAN MULTI ASSET PASSIVE FOF - -,BANDHAN MULTI ASSET PASSIVE FOF - -,bandhanmultiassetpassivefof,index_fund
118509,FRANKLIN INDIA LARGE & MID CAP FUND - -,FRANKLIN INDIA LARGE & MID CAP FUND - -,franklinlargemidcap,mid_cap
118510,FRANKLIN INDIA LARGE & MID CAP FUND - -,FRANKLIN INDIA LARGE & MID CAP FUND - -,franklinlargemidcap,mid_cap
118524,FRANKLIN INDIA SMALL CAP FUND - -,FRANKLIN INDIA SMALL CAP FUND - -,franklinsmallcap,small_cap
118525,FRANKLIN INDIA SMALL CAP FUND - -,FRANKLIN INDIA SMALL CAP FUND - -,franklinsmallcap,small_cap
118531,FRANKLIN INDIA LARGE CAP FUND- -,FRANKLIN INDIA LARGE CAP FUND- -,franklinlargecap,large_cap
118532,FRANKLIN INDIA MID CAP FUND - -,FRANKLIN INDIA MID CAP FUND - -,franklinmidcap,mid_cap
118533,FRANKLIN INDIA MID CAP FUND - -,FRANKLIN INDIA MID CAP FUND - -,franklinmidcap,mid_cap
118534,FRANKLIN INDIA FLEXI CAP FUND - -,FRANKLIN INDIA FLEXI CAP FUND - -,franklinflexicap,multi_cap
118535,FRANKLIN INDIA FLEXI CAP FUND - -,FRANKLIN INDIA FLEXI CAP FUND - -,franklinflexicap,multi_cap
118580,FRANKLIN INDIA INDEX FUND- NSE NIFTY 50 INDEX FUND - -,FRANKLIN INDIA INDEX FUND- NSE NIFTY 50 INDEX FUND - -,franklinindexnsenifty50index,index_fund
118581,FRANKLIN INDIA INDEX FUND- NSE NIFTY 50 INDEX FUND- -,FRANKLIN INDIA INDEX FUND- NSE NIFTY 50 INDEX FUND- -,franklinindexnsenifty50index,index_fund
118616,EDELWEISS LARGE CAP FUND - -,EDELWEISS LARGE CAP FUND - -,edelweisslargecap,large_cap
118617,EDELWEISS LARGE CAP FUND - -,EDELWEISS LARGE CAP FUND - -,edelweisslargecap,large_cap
118632,NIPPON INDIA LARGE CAP FUND - -,NIPPON INDIA LARGE CAP FUND - -,nipponlargecap,large_cap
118633,NIPPON INDIA LARGE CAP FUND - -,NIPPON INDIA LARGE CAP FUND - -,nipponlargecap,large_cap
118634,NIPPON INDIA LARGE CAP FUND - -,NIPPON INDIA LARGE CAP FUND - -,nipponlargecap,large_cap
118650,NIPPON INDIA MULTI CAP FUND - -,NIPPON INDIA MULTI CAP FUND - -,nipponmulticap,multi_cap
118651,NIPPON INDIA MULTI CAP FUND - -,NIPPON INDIA MULTI CAP FUND - -,nipponmulticap,multi_cap
118652,NIPPON INDIA MULTI CAP FUND - -,NIPPON INDIA MULTI CAP FUND - -,nipponmulticap,multi_cap
118665,NIPPON INDIA MID CAP FUND - -,NIPPON INDIA MID CAP FUND - -,nipponmidcap,mid_cap
118666,NIPPON INDIA MID CAP FUND - -,NIPPON INDIA MID CAP FUND - -,nipponmidcap,mid_cap
118668,NIPPON INDIA MID CAP FUND - -,NIPPON INDIA MID CAP FUND - -,nipponmidcap,mid_cap
118675,NIPPON INDIA VISION LARGE & MID CAP FUND - -,NIPPON INDIA VISION LARGE & MID CAP FUND - -,nipponvisionlargemidcap,mid_cap
118676,NIPPON INDIA VISION LARGE & MID CAP FUND - -,NIPPON INDIA VISION LARGE & MID CAP FUND - -,nipponvisionlargemidcap,mid_cap
118678,NIPPON INDIA VISION LARGE & MID CAP FUND - -,NIPPON INDIA VISION LARGE & MID CAP FUND - -,nipponvisionlargemidcap,mid_cap
118740,NIPPON INDIA INDEX FUND - NIFTY 50 - - -,NIPPON INDIA INDEX FUND - NIFTY 50 - - -,nipponindexnifty50,index_fund
118741,NIPPON INDIA INDEX FUND - NIFTY 50 - -,NIPPON INDIA INDEX FUND - NIFTY 50 - -,nipponindexnifty50,index_fund
118742,NIPPON INDIA INDEX FUND - NIFTY 50 - -,NIPPON INDIA INDEX FUND - NIFTY 50 - -,nipponindexnifty50,index_fund
118743,NIPPON INDIA INDEX FUND - NIFTY 50 - - -,NIPPON INDIA INDEX FUND - NIFTY 50 - - -,nipponindexnifty50,index_fund
118745,NIPPON INDIA INDEX FUND - NIFTY 50 - - HALF YEARLY -,NIPPON INDIA INDEX FUND - NIFTY 50 - - HALF YEARLY -,nipponindexnifty50halfyearly,index_fund
118775,NIPPON INDIA SMALL CAP FUND - -,NIPPON INDIA SMALL CAP FUND - -,nipponsmallcap,small_cap
118777,NIPPON INDIA SMALL CAP FUND - -,NIPPON INDIA SMALL CAP FUND - -,nipponsmallcap,small_cap
118778,NIPPON INDIA SMALL CAP FUND - -,NIPPON INDIA SMALL CAP FUND - -,nipponsmallcap,small_cap
118785,NIPPON INDIA INDEX FUND - BSE SENSEX - -,NIPPON INDIA INDEX FUND - BSE SENSEX - -,nipponindexbsesensex,index_fund
118786,NIPPON INDIA INDEX FUND - BSE SENSEX - - -,NIPPON INDIA INDEX FUND - BSE SENSEX - - -,nipponindexbsesensex,index_fund
118788,NIPPON INDIA INDEX FUND - BSE SENSEX - - HALF YEARLY -,NIPPON INDIA INDEX FUND - BSE SENSEX - - HALF YEARLY -,nipponindexbsesensexhalfyearly,index_fund
118790,NIPPON INDIA INDEX FUND - BSE SENSEX - - -,NIPPON INDIA INDEX FUND - BSE SENSEX - - -,nipponindexbsesensex,index_fund
118791,NIPPON INDIA INDEX FUND - BSE SENSEX - -,NIPPON INDIA INDEX FUND - BSE SENSEX - -,nipponindexbsesensex,index_fund
118825,MIRAE ASSET LARGE CAP FUND - -,MIRAE ASSET LARGE CAP FUND - -,miraeassetlargecap,large_cap
118826,MIRAE ASSET LARGE CAP FUND,MIRAE ASSET LARGE CAP FUND,miraeassetlargecap,large_cap
118834,MIRAE ASSET LARGE & MIDCAP FUND - -,MIRAE ASSET LARGE & MIDCAP FUND - -,miraeassetlargemidcap,mid_cap
118835,MIRAE ASSET LARGE & MIDCAP FUND - -,MIRAE ASSET LARGE & MIDCAP FUND - -,miraeassetlargemidcap,mid_cap
118870,TAURUS LARGE CAP FUND - -,TAURUS LARGE CAP FUND - -,tauruslargecap,large_cap
118871,TAURUS LARGE CAP FUND - - OF INCOME DISTRIBUTION CUM CAPITAL WITHDRAWAL,TAURUS LARGE CAP FUND - - OF INCOME DISTRIBUTION CUM CAPITAL WITHDRAWAL,tauruslargecapofincomedistributioncumcapitalwithdrawal,large_cap
118872,TAURUS MID CAP FUND - -,TAURUS MID CAP FUND - -,taurusmidcap,mid_cap
118873,TAURUS MID CAP FUND - - OF INCOME DISTRIBUTION CUM CAPITAL WITHDRAWAL,TAURUS MID CAP FUND - - OF INCOME DISTRIBUTION CUM CAPITAL WITHDRAWAL,taurusmidcapofincomedistributioncumcapitalwithdrawal,mid_cap
118881,TAURUS NIFTY 50 INDEX FUND - -,TAURUS NIFTY 50 INDEX FUND - -,taurusnifty50index,index_fund
118882,TAURUS NIFTY 50 INDEX FUND - - OF INCOME DISTRIBUTION CUM CAPITAL WITHDRAWAL,TAURUS NIFTY 50 INDEX FUND - - OF INCOME DISTRIBUTION CUM CAPITAL WITHDRAWAL,taurusnifty50indexofincomedistributioncumcapitalwithdrawal,index_fund
118883,TAURUS FLEXI CAP FUND - -,TAURUS FLEXI CAP FUND - -,taurusflexicap,multi_cap
118884,TAURUS FLEXI CAP FUND - - OF INCOME DISTRIBUTION CUM CAPITAL WITHDRAWAL,TAURUS FLEXI CAP FUND - - OF INCOME DISTRIBUTION CUM CAPITAL WITHDRAWAL,taurusflexicapofincomedistributioncumcapitalwithdrawal,multi_cap
118954,HDFC FLEXI CAP FUND - -,HDFC FLEXI CAP FUND - -,hdfcflexicap,multi_cap
118955,HDFC FLEXI CAP FUND - -,HDFC FLEXI CAP FUND - -,hdfcflexicap,multi_cap
118988,HDFC MID CAP FUND - -,HDFC MID CAP FUND - -,hdfcmidcap,mid_cap
118989,HDFC MID CAP FUND - -,HDFC MID CAP FUND - -,hdfcmidcap,mid_cap
119017,HDFC LARGE CAP FUND - -,HDFC LARGE CAP FUND - -,hdfclargecap,large_cap
119018,HDFC LARGE CAP FUND - -,HDFC LARGE CAP FUND - -,hdfclargecap,large_cap
119063,HDFC NIFTY 50 INDEX FUND -,HDFC NIFTY 50 INDEX FUND -,hdfcnifty50index,index_fund
119065,HDFC BSE SENSEX INDEX FUND -,HDFC BSE SENSEX INDEX FUND -,hdfcbsesensexindex,index_fund
119070,DSP MIDCAP FUND - -,DSP MIDCAP FUND - -,dspmidcap,mid_cap
119071,DSP MIDCAP FUND - -,DSP MIDCAP FUND - -,dspmidcap,mid_cap
119076,DSP FLEXI CAP FUND - -,DSP FLEXI CAP FUND - -,dspflexicap,multi_cap
119077,DSP FLEXI CAP FUND - -,DSP FLEXI CAP FUND - -,dspflexicap,multi_cap
119132,HDFC GOLD ETF FUND OF FUND -,HDFC GOLD ETF FUND OF FUND -,hdfcgoldetfof,index_fund
119133,GROWW LARGECAP FUND (FORMERLY KNOWN AS INDIABULLS BLUE CHIP FUND) - -,GROWW LARGECAP FUND (FORMERLY KNOWN AS INDIABULLS BLUE CHIP FUND) - -,growwlargecapformerlyknownasindiabullsbluechip,large_cap
119134,GROWW LARGECAP FUND (FORMERLY KNOWN AS INDIABULLS BLUECHIP FUND)- - - INCOME DISTRIBUTION CUM CAPITAL WITHDRAWAL ( & ),GROWW LARGECAP FUND (FORMERLY KNOWN AS INDIABULLS BLUECHIP FUND)- - - INCOME DISTRIBUTION CUM CAPITAL WITHDRAWAL ( & ),growwlargecapformerlyknownasindiabullsbluechipincomedistributioncumcapitalwithdrawal,large_cap
119159,TATA LARGE CAP FUND- - OF,TATA LARGE CAP FUND- - OF,tatalargecapof,large_cap
119160,TATA LARGE CAP FUND -,TATA LARGE CAP FUND -,tatalargecap,large_cap
119177,TATA MID CAP FUND - -,TATA MID CAP FUND - -,tatamidcap,mid_cap
119178,TATA MID CAP FUND - -,TATA MID CAP FUND - -,tatamidcap,mid_cap
119201,TATA LARGE & MID CAP FUND - OF,TATA LARGE & MID CAP FUND - OF,tatalargemidcapof,mid_cap
119202,TATA LARGE & MID CAP FUND - -,TATA LARGE & MID CAP FUND - -,tatalargemidcap,mid_cap
119212,DSP SMALL CAP FUND - -,DSP SMALL CAP FUND - -,dspsmallcap,small_cap
119213,DSP SMALL CAP FUND - -,DSP SMALL CAP FUND - -,dspsmallcap,small_cap
119218,DSP LARGE & MID CAP FUND - -,DSP LARGE & MID CAP FUND - -,dsplargemidcap,mid_cap
119219,DSP LARGE & MID CAP FUND - -,DSP LARGE & MID CAP FUND - -,dsplargemidcap,mid_cap
119249,DSP LARGE CAP FUND - -,DSP LARGE CAP FUND - -,dsplargecap,large_cap
119250,DSP LARGE CAP FUND - -,DSP LARGE CAP FUND - -,dsplargecap,large_cap
119287,TATA S&P BSE SENSEX INDEX FUND -,TATA S&P BSE SENSEX INDEX FUND -,tataspbsesensexindex,index_fund
119288,TATA NIFTY 50 INDEX FUND -,TATA NIFTY 50 INDEX FUND -,tatanifty50index,index_fund
119292,UNION FLEXI CAP FUND - -,UNION FLEXI CAP FUND - -,unionflexicap,multi_cap
119293,UNION FLEXI CAP FUND - -,UNION FLEXI CAP FUND - -,unionflexicap,multi_cap
119300,BANK OF INDIA LARGE & MID CAP FUND -,BANK OF INDIA LARGE & MID CAP FUND -,bankoflargemidcap,mid_cap
119346,BANK OF INDIA LARGE & MID CAP FUND -,BANK OF INDIA LARGE & MID CAP FUND -,bankoflargemidcap,mid_cap
119349,BANK OF INDIA LARGE & MID CAP FUND -,BANK OF INDIA LARGE & MID CAP FUND -,bankoflargemidcap,mid_cap
119350,BANK OF INDIA LARGE & MID CAP FUND -,BANK OF INDIA LARGE & MID CAP FUND -,bankoflargemidcap,mid_cap
119353,BARODA BNP PARIBAS MULTI CAP FUND - -,BARODA BNP PARIBAS MULTI CAP FUND - -,barodabnpparibasmulticap,multi_cap
119354,BARODA BNP PARIBAS MULTI CAP FUND - -,BARODA BNP PARIBAS MULTI CAP FUND - -,barodabnpparibasmulticap,multi_cap
119433,ADITYA BIRLA SUN LIFE LARGE & MID CAP FUND - -,ADITYA BIRLA SUN LIFE LARGE & MID CAP FUND - -,adityabirlasunlifelargemidcap,mid_cap
119436,ADITYA BIRLA SUN LIFE LARGE & MID CAP FUND - -,ADITYA BIRLA SUN LIFE LARGE & MID CAP FUND - -,adityabirlasunlifelargemidcap,mid_cap
119527,ADITYA BIRLA SUN LIFE LARGE CAP FUND- -,ADITYA BIRLA SUN LIFE LARGE CAP FUND- -,adityabirlasunlifelargecap,large_cap
119528,ADITYA BIRLA SUN LIFE LARGE CAP FUND - -,ADITYA BIRLA SUN LIFE LARGE CAP FUND - -,adityabirlasunlifelargecap,large_cap
119556,ADITYA BIRLA SUN LIFE SMALL CAP FUND - -,ADITYA BIRLA SUN LIFE SMALL CAP FUND - -,adityabirlasunlifesmallcap,small_cap
119557,ADITYA BIRLA SUN LIFE SMALL CAP FUND - -,ADITYA BIRLA SUN LIFE SMALL CAP FUND - -,adityabirlasunlifesmallcap,small_cap
119565,SUNDARAM LARGE AND MIDCAP - INCOME DISTRIBUTION CUM CAPITAL WITHDRAWAL ( ),SUNDARAM LARGE AND MIDCAP - INCOME DISTRIBUTION CUM CAPITAL WITHDRAWAL ( ),sundaramlargeandmidcapincomedistributioncumcapitalwithdrawal,mid_cap
119566,SUNDARAM LARGE AND MIDCAP FUND -,SUNDARAM LARGE AND MIDCAP FUND -,sundaramlargeandmidcap,mid_cap
119581,SUNDARAM MID CAP FUND -,SUNDARAM MID CAP FUND -,sundarammidcap,mid_cap
119582,SUNDARAM MID CAP FUND - INCOME DISTRIBUTION CUM CAPITAL WITHDRAWAL ( ),SUNDARAM MID CAP FUND - INCOME DISTRIBUTION CUM CAPITAL WITHDRAWAL ( ),sundarammidcapincomedistributioncumcapitalwithdrawal,mid_cap
119585,SBI LARGE CAP FUND - - INCOME DISTRIBUTION CUM CAPITAL WITHDRAWAL ( ),SBI LARGE CAP FUND - - INCOME DISTRIBUTION CUM CAPITAL WITHDRAWAL ( ),sbilargecapincomedistributioncumcapitalwithdrawal,large_cap
119588,SUNDARAM SMALL CAP FUND - INCOME DISTRIBUTION CUM CAPITAL WITHDRAWAL ( ),SUNDARAM SMALL CAP FUND - INCOME DISTRIBUTION CUM CAPITAL WITHDRAWAL ( ),sundaramsmallcapincomedistributioncumcapitalwithdrawal,small_cap
119589,SUNDARAM SMALL CAP FUND -,SUNDARAM SMALL CAP FUND -,sundaramsmallcap,small_cap
119598,SBI LARGE CAP FUND- -,SBI LARGE CAP FUND- -,sbilargecap,large_cap
119619,ADITYA BIRLA SUN LIFE MIDCAP FUND - -,ADITYA BIRLA SUN LIFE MIDCAP FUND - -,adityabirlasunlifemidcap,mid_cap
119620,ADITYA BIRLA SUN LIFE MIDCAP FUND - -,ADITYA BIRLA SUN LIFE MIDCAP FUND - -,adityabirlasunlifemidcap,mid_cap
119648,ADITYA BIRLA SUN LIFE NIFTY 50 INDEX FUND - -,ADITYA BIRLA SUN LIFE NIFTY 50 INDEX FUND - -,adityabirlasunlifenifty50index,index_fund
119649,ADITYA BIRLA SUN LIFE NIFTY 50 INDEX FUND - -,ADITYA BIRLA SUN LIFE NIFTY 50 INDEX FUND - -,adityabirlasunlifenifty50index,index_fund
119715,SBI MIDCAP FUND - - INCOME DISTRIBUTION CUM CAPITAL WITHDRAWAL ( ),SBI MIDCAP FUND - - INCOME DISTRIBUTION CUM CAPITAL WITHDRAWAL ( ),sbimidcapincomedistributioncumcapitalwithdrawal,mid_cap
119716,SBI MIDCAP FUND - -,SBI MIDCAP FUND - -,sbimidcap,mid_cap
119717,SBI FLEXICAP FUND - - INCOME DISTRIBUTION CUM CAPITAL WITHDRAWAL ( ),SBI FLEXICAP FUND - - INCOME DISTRIBUTION CUM CAPITAL WITHDRAWAL ( ),sbiflexicapincomedistributioncumcapitalwithdrawal,multi_cap
119718,SBI FLEXICAP FUND - -,SBI FLEXICAP FUND - -,sbiflexicap,multi_cap
119720,SBI LARGE & MIDCAP FUND - - INCOME DISTRIBUTION CUM CAPITAL WITHDRAWAL ( ),SBI LARGE & MIDCAP FUND - - INCOME DISTRIBUTION CUM CAPITAL WITHDRAWAL ( ),sbilargemidcapincomedistributioncumcapitalwithdrawal,mid_cap
119721,SBI LARGE & MIDCAP FUND - -,SBI LARGE & MIDCAP FUND - -,sbilargemidcap,mid_cap
119774,KOTAK MIDCAP FUND - - - & RE INVESTMENT OF INCOME DISTRIBUTION CUM CAPITAL WITHDRAWAL,KOTAK MIDCAP FUND - - - & RE INVESTMENT OF INCOME DISTRIBUTION CUM CAPITAL WITHDRAWAL,kotakmidcapreinvestmentofincomedistributioncumcapitalwithdrawal,mid_cap
119775,KOTAK MIDCAP FUND - -,KOTAK MIDCAP FUND - -,kotakmidcap,mid_cap
119826,SBI NIFTY INDEX FUND - - INCOME DISTRIBUTION CUM CAPITAL WITHDRAWAL ( ),SBI NIFTY INDEX FUND - - INCOME DISTRIBUTION CUM CAPITAL WITHDRAWAL ( ),sbiniftyindexincomedistributioncumcapitalwithdrawal,index_fund
119827,SBI NIFTY INDEX FUND - -,SBI NIFTY INDEX FUND - -,sbiniftyindex,index_fund
120029,HSBC LARGE CAP FUND -,HSBC LARGE CAP FUND -,hsbclargecap,large_cap
120030,HSBC LARGE CAP FUND -,HSBC LARGE CAP FUND -,hsbclargecap,large_cap
120045,HSBC FLEXI CAP FUND -,HSBC FLEXI CAP FUND -,hsbcflexicap,multi_cap
120046,HSBC FLEXI CAP FUND -,HSBC FLEXI CAP FUND -,hsbcflexicap,multi_cap
120152,KOTAK LARGE CAP FUND - -,KOTAK LARGE CAP FUND - -,kotaklargecap,large_cap
120153,KOTAK LARGE CAP FUND - OF INCOME DISTRIBUTION CUM CAPITAL WITHDRAWAL -,KOTAK LARGE CAP FUND - OF INCOME DISTRIBUTION CUM CAPITAL WITHDRAWAL -,kotaklargecapofincomedistributioncumcapitalwithdrawal,large_cap
120157,KOTAK LARGE & MIDCAP FUND - -,KOTAK LARGE & MIDCAP FUND - -,kotaklargemidcap,mid_cap
120158,KOTAK LARGE & MIDCAP FUND - -,KOTAK LARGE & MIDCAP FUND - -,kotaklargemidcap,mid_cap
120163,KOTAK SMALL CAP FUND - OF INCOME DISTRIBUTION CUM CAPITAL WITHDRAWAL -,KOTAK SMALL CAP FUND - OF INCOME DISTRIBUTION CUM CAPITAL WITHDRAWAL -,kotaksmallcapofincomedistributioncumcapitalwithdrawal,small_cap
120164,KOTAK SMALL CAP FUND - -,KOTAK SMALL CAP FUND - -,kotaksmallcap,small_cap
120165,KOTAK FLEXICAP FUND - OF INCOME DISTRIBUTION CUM CAPITAL WITHDRAWAL -,KOTAK FLEXICAP FUND - OF INCOME DISTRIBUTION CUM CAPITAL WITHDRAWAL -,kotakflexicapofincomedistributioncumcapitalwithdrawal,multi_cap
120166,KOTAK FLEXICAP FUND - -,KOTAK FLEXICAP FUND - -,kotakflexicap,multi_cap
120185,ICICI PRUDENTIAL US BLUECHIP EQUITY FUND - -,ICICI PRUDENTIAL US BLUECHIP EQUITY FUND - -,iciciprudentialusbluechipequity,large_cap
120186,ICICI PRUDENTIAL US BLUECHIP EQUITY FUND - -,ICICI PRUDENTIAL US BLUECHIP EQUITY FUND - -,iciciprudentialusbluechipequity,large_cap
120242,ICICI PRUDENTIAL MULTI SECTOR PASSIVE FOF - -,ICICI PRUDENTIAL MULTI SECTOR PASSIVE FOF - -,iciciprudentialmultisectorpassivefof,index_fund
120243,ICICI PRUDENTIAL MULTI SECTOR PASSIVE FOF - -,ICICI PRUDENTIAL MULTI SECTOR PASSIVE FOF - -,iciciprudentialmultisectorpassivefof,index_fund
120263,LIC MF FLEXI CAP FUND- -,LIC MF FLEXI CAP FUND- -,licmfflexicap,multi_cap
120264,LIC MF FLEXI CAP FUND- -,LIC MF FLEXI CAP FUND- -,licmfflexicap,multi_cap
120267,LIC MF LARGE CAP FUND- -,LIC MF LARGE CAP FUND- -,licmflargecap,large_cap
120268,LIC MF LARGE CAP FUND- -,LIC MF LARGE CAP FUND- -,licmflargecap,large_cap
120307,LIC MF NIFTY 50 INDEX FUND- -,LIC MF NIFTY 50 INDEX FUND- -,licmfnifty50index,index_fund
120308,LIC MF BSE SENSEX INDEX FUND- -,LIC MF BSE SENSEX INDEX FUND- -,licmfbsesensexindex,index_fund
120309,LIC MF NIFTY 50 INDEX FUND- -,LIC MF NIFTY 50 INDEX FUND- -,licmfnifty50index,index_fund
120312,LIC MF BSE SENSEX INDEX FUND- -,LIC MF BSE SENSEX INDEX FUND- -,licmfbsesensexindex,index_fund
120356,INVESCO INDIA LARGE & MID CAP FUND - - ( / ),INVESCO INDIA LARGE & MID CAP FUND - - ( / ),invescolargemidcap,mid_cap
120357,INVESCO INDIA LARGE & MID CAP FUND - -,INVESCO INDIA LARGE & MID CAP FUND - -,invescolargemidcap,mid_cap
120380,ICICI PRUDENTIAL MIDCAP FUND - -,ICICI PRUDENTIAL MIDCAP FUND - -,iciciprudentialmidcap,mid_cap
120381,ICICI PRUDENTIAL MIDCAP FUND - -,ICICI PRUDENTIAL MIDCAP FUND - -,iciciprudentialmidcap,mid_cap
120392,INVESCO INDIA LARGECAP FUND - -,INVESCO INDIA LARGECAP FUND - -,invescolargecap,large_cap
120393,INVESCO INDIA LARGECAP FUND - - ( / ),INVESCO INDIA LARGECAP FUND - - ( / ),invescolargecap,large_cap
120402,INVESCO INDIA MIDCAP FUND - - ( / ),INVESCO INDIA MIDCAP FUND - - ( / ),invescomidcap,mid_cap
120403,INVESCO INDIA MIDCAP FUND - -,INVESCO INDIA MIDCAP FUND - -,invescomidcap,mid_cap
120412,INVESCO INDIA MULTICAP FUND - - ( / ),INVESCO INDIA MULTICAP FUND - - ( / ),invescomulticap,multi_cap
120413,INVESCO INDIA MULTICAP FUND - -,INVESCO INDIA MULTICAP FUND - -,invescomulticap,multi_cap
120465,AXIS LARGE CAP FUND - -,AXIS LARGE CAP FUND - -,axislargecap,large_cap
120466,AXIS LARGE CAP FUND - -,AXIS LARGE CAP FUND - -,axislargecap,large_cap
120489,JM LARGE CAP FUND ( ) -,JM LARGE CAP FUND ( ) -,jmlargecap,large_cap
120490,JM LARGE CAP FUND ( ) -,JM LARGE CAP FUND ( ) -,jmlargecap,large_cap
120491,JM FLEXICAP FUND ( ) -,JM FLEXICAP FUND ( ) -,jmflexicap,multi_cap
120492,JM FLEXICAP FUND ( ) -,JM FLEXICAP FUND ( ) -,jmflexicap,multi_cap
120504,AXIS MIDCAP FUND - -,AXIS MIDCAP FUND - -,axismidcap,mid_cap
120505,AXIS MIDCAP FUND - -,AXIS MIDCAP FUND - -,axismidcap,mid_cap
120530,INVESCO INDIA GOLD ETF FUND OF FUND - - ( / ),INVESCO INDIA GOLD ETF FUND OF FUND - - ( / ),invescogoldetfof,index_fund
120531,INVESCO INDIA GOLD ETF FUND OF FUND - -,INVESCO INDIA GOLD ETF FUND OF FUND - -,invescogoldetfof,index_fund
120564,ADITYA BIRLA SUN LIFE FLEXI CAP FUND - -,ADITYA BIRLA SUN LIFE FLEXI CAP FUND - -,adityabirlasunlifeflexicap,multi_cap
120565,ADITYA BIRLA SUN LIFE FLEXI CAP FUND - -,ADITYA BIRLA SUN LIFE FLEXI CAP FUND - -,adityabirlasunlifeflexicap,multi_cap
120585,ICICI PRUDENTIAL LARGE CAP FUND (ERSTWHILE BLUECHIP FUND) - -,ICICI PRUDENTIAL LARGE CAP FUND (ERSTWHILE BLUECHIP FUND) - -,iciciprudentiallargecaperstwhilebluechip,large_cap
120586,ICICI PRUDENTIAL LARGE CAP FUND (ERSTWHILE BLUECHIP FUND) - -,ICICI PRUDENTIAL LARGE CAP FUND (ERSTWHILE BLUECHIP FUND) - -,iciciprudentiallargecaperstwhilebluechip,large_cap
120591,ICICI PRUDENTIAL SMALLCAP FUND - -,ICICI PRUDENTIAL SMALLCAP FUND - -,iciciprudentialsmallcap,small_cap
120596,ICICI PRUDENTIAL LARGE & MID CAP FUND - -,ICICI PRUDENTIAL LARGE & MID CAP FUND - -,iciciprudentiallargemidcap,mid_cap
120597,ICICI PRUDENTIAL LARGE & MID CAP FUND - -,ICICI PRUDENTIAL LARGE & MID CAP FUND - -,iciciprudentiallargemidcap,mid_cap
120598,ICICI PRUDENTIAL MULTICAP FUND - -,ICICI PRUDENTIAL MULTICAP FUND - -,iciciprudentialmulticap,multi_cap
120599,ICICI PRUDENTIAL MULTICAP FUND - -,ICICI PRUDENTIAL MULTICAP FUND - -,iciciprudentialmulticap,multi_cap
120620,ICICI PRUDENTIAL NIFTY 50 INDEX FUND - CUMULATIVE,ICICI PRUDENTIAL NIFTY 50 INDEX FUND - CUMULATIVE,iciciprudentialnifty50indexcumulative,index_fund
120656,UTI LARGE CAP FUND - -,UTI LARGE CAP FUND - -,utilargecap,large_cap
120657,UTI LARGE CAP FUND - -,UTI LARGE CAP FUND - -,utilargecap,large_cap
120662,UTI - FLEXI CAP FUND- -,UTI - FLEXI CAP FUND- -,utiflexicap,multi_cap
120663,UTI FLEXI CAP FUND - -,UTI FLEXI CAP FUND - -,utiflexicap,multi_cap
120664,UTI LARGE & MID CAP FUND - -,UTI LARGE & MID CAP FUND - -,utilargemidcap,mid_cap
120665,UTI LARGE & MID CAP FUND - -,UTI LARGE & MID CAP FUND - -,utilargemidcap,mid_cap
120683,ICICI PRUDENTIAL NIFTY NEXT 50 INDEX FUND - -,ICICI PRUDENTIAL NIFTY NEXT 50 INDEX FUND - -,iciciprudentialniftynext50index,index_fund
120684,ICICI PRUDENTIAL NIFTY NEXT 50 INDEX FUND - -,ICICI PRUDENTIAL NIFTY NEXT 50 INDEX FUND - -,iciciprudentialniftynext50index,index_fund
120716,UTI NIFTY 50 INDEX FUND - -,UTI NIFTY 50 INDEX FUND - -,utinifty50index,index_fund
120717,UTI NIFTY 50 INDEX FUND - -,UTI NIFTY 50 INDEX FUND - -,utinifty50index,index_fund
120726,UTI MID CAP FUND- -,UTI MID CAP FUND- -,utimidcap,mid_cap
120727,UTI MID CAP FUND - -,UTI MID CAP FUND - -,utimidcap,mid_cap
120822,QUANT MULTI CAP FUND- -,QUANT MULTI CAP FUND- -,quantmulticap,multi_cap
120823,QUANT MULTI CAP FUND- -,QUANT MULTI CAP FUND- -,quantmulticap,multi_cap
120824,QUANT LARGE & MID CAP FUND - -,QUANT LARGE & MID CAP FUND - -,quantlargemidcap,mid_cap
120825,QUANT LARGE & MID CAP FUND - -,QUANT LARGE & MID CAP FUND - -,quantlargemidcap,mid_cap
120826,QUANT LARGE & MID CAP FUND - -,QUANT LARGE & MID CAP FUND - -,quantlargemidcap,mid_cap
120827,QUANT SMALL CAP FUND - -,QUANT SMALL CAP FUND - -,quantsmallcap,small_cap
120828,QUANT SMALL CAP FUND - -,QUANT SMALL CAP FUND - -,quantsmallcap,small_cap
120840,QUANT MID CAP FUND - -,QUANT MID CAP FUND - -,quantmidcap,mid_cap
120841,QUANT MID CAP FUND - -,QUANT MID CAP FUND - -,quantmidcap,mid_cap
120842,QUANT FLEXI CAP FUND - -,QUANT FLEXI CAP FUND - -,quantflexicap,multi_cap
120843,QUANT FLEXI CAP FUND - -,QUANT FLEXI CAP FUND - -,quantflexicap,multi_cap
120870,ICICI PRUDENTIAL SMALLCAP FUND - -,ICICI PRUDENTIAL SMALLCAP FUND - -,iciciprudentialsmallcap,small_cap
121109,SBI BSE SENSEX ETF,SBI BSE SENSEX ETF,sbibsesensexetf,index_fund
121146,NIPPON INDIA ETF NIFTY 100,NIPPON INDIA ETF NIFTY 100,nipponetfnifty100,index_fund
121366,ICICI PRUDENTIAL NIFTY 50 ETF,ICICI PRUDENTIAL NIFTY 50 ETF,iciciprudentialnifty50etf,index_fund
122639,PARAG PARIKH FLEXI CAP FUND - -,PARAG PARIKH FLEXI CAP FUND - -,paragparikhflexicap,multi_cap
122640,PARAG PARIKH FLEXI CAP FUND - -,PARAG PARIKH FLEXI CAP FUND - -,paragparikhflexicap,multi_cap
123004,ICICI PRUDENTIAL NIFTY 100 ETF,ICICI PRUDENTIAL NIFTY 100 ETF,iciciprudentialnifty100etf,index_fund
125301,PGIM INDIA MIDCAP FUND - - -,PGIM INDIA MIDCAP FUND - - -,pgimmidcap,mid_cap
125305,PGIM INDIA MIDCAP FUND - -,PGIM INDIA MIDCAP FUND - -,pgimmidcap,mid_cap
125306,PGIM INDIA MIDCAP FUND - - -,PGIM INDIA MIDCAP FUND - - -,pgimmidcap,mid_cap
125307,PGIM INDIA MIDCAP FUND - -,PGIM INDIA MIDCAP FUND - -,pgimmidcap,mid_cap
125350,AXIS SMALL CAP FUND - -,AXIS SMALL CAP FUND - -,axissmallcap,small_cap
125351,AXIS SMALL CAP FUND - -,AXIS SMALL CAP FUND - -,axissmallcap,small_cap
125352,AXIS SMALL CAP FUND - -,AXIS SMALL CAP FUND - -,axissmallcap,small_cap
125354,AXIS SMALL CAP FUND - -,AXIS SMALL CAP FUND - -,axissmallcap,small_cap
125494,SBI SMALL CAP FUND - -,SBI SMALL CAP FUND - -,sbismallcap,small_cap
125495,SBI SMALL CAP FUND - - INCOME DISTRIBUTION CUM CAPITAL WITHDRAWAL ( ),SBI SMALL CAP FUND - - INCOME DISTRIBUTION CUM CAPITAL WITHDRAWAL ( ),sbismallcapincomedistributioncumcapitalwithdrawal,small_cap
125496,SBI SMALL CAP FUND - - INCOME DISTRIBUTION CUM CAPITAL WITHDRAWAL ( ),SBI SMALL CAP FUND - - INCOME DISTRIBUTION CUM CAPITAL WITHDRAWAL ( ),sbismallcapincomedistributioncumcapitalwithdrawal,small_cap
125497,SBI SMALL CAP FUND - -,SBI SMALL CAP FUND - -,sbismallcap,small_cap
127039,MOTILAL OSWAL MIDCAP FUND- -,MOTILAL OSWAL MIDCAP FUND- -,motilaloswalmidcap,mid_cap
127040,MOTILAL OSWAL MIDCAP FUND- - /,MOTILAL OSWAL MIDCAP FUND- - /,motilaloswalmidcap,mid_cap
127042,MOTILAL OSWAL MIDCAP FUND- -,MOTILAL OSWAL MIDCAP FUND- -,motilaloswalmidcap,mid_cap
127044,MOTILAL OSWAL MIDCAP FUND- - /,MOTILAL OSWAL MIDCAP FUND- - /,motilaloswalmidcap,mid_cap
128233,IDBI FLEXI CAP FUND -,IDBI FLEXI CAP FUND -,idbiflexicap,multi_cap
128234,IDBI FLEXI CAP FUND -,IDBI FLEXI CAP FUND -,idbiflexicap,multi_cap
128235,IDBI FLEXI CAP FUND,IDBI FLEXI CAP FUND,idbiflexicap,multi_cap
128236,IDBI FLEXI CAP FUND,IDBI FLEXI CAP FUND,idbiflexicap,multi_cap
128331,NIPPON INDIA ETF NIFTY INDIA CONSUMPTION,NIPPON INDIA ETF NIFTY INDIA CONSUMPTION,nipponetfniftyconsumption,index_fund
128639,NIPPON INDIA ETF NIFTY OPPORTUNITIES 50,NIPPON INDIA ETF NIFTY OPPORTUNITIES 50,nipponetfniftyopportunities50,index_fund
129046,MOTILAL OSWAL FLEXI CAP FUND -,MOTILAL OSWAL FLEXI CAP FUND -,motilaloswalflexicap,multi_cap
129047,MOTILAL OSWAL FLEXI CAP FUND - /,MOTILAL OSWAL FLEXI CAP FUND - /,motilaloswalflexicap,multi_cap
129048,MOTILAL OSWAL FLEXI CAP FUND -,MOTILAL OSWAL FLEXI CAP FUND -,motilaloswalflexicap,multi_cap
129049,MOTILAL OSWAL FLEXI CAP FUND - /,MOTILAL OSWAL FLEXI CAP FUND - /,motilaloswalflexicap,multi_cap
129646,UNION SMALL CAP FUND - -,UNION SMALL CAP FUND - -,unionsmallcap,small_cap
129647,UNION SMALL CAP FUND - -,UNION SMALL CAP FUND - -,unionsmallcap,small_cap
129648,UNION SMALL CAP FUND - -,UNION SMALL CAP FUND - -,unionsmallcap,small_cap
129649,UNION SMALL CAP FUND - -,UNION SMALL CAP FUND - -,unionsmallcap,small_cap
130496,HDFC LARGE AND MID CAP FUND -,HDFC LARGE AND MID CAP FUND -,hdfclargeandmidcap,mid_cap
130497,HDFC LARGE AND MID CAP FUND -,HDFC LARGE AND MID CAP FUND -,hdfclargeandmidcap,mid_cap
130498,HDFC LARGE AND MID CAP FUND - -,HDFC LARGE AND MID CAP FUND - -,hdfclargeandmidcap,mid_cap
130499,HDFC LARGE AND MID CAP FUND - -,HDFC LARGE AND MID CAP FUND - -,hdfclargeandmidcap,mid_cap
130501,HDFC SMALL CAP FUND -,HDFC SMALL CAP FUND -,hdfcsmallcap,small_cap
130502,HDFC SMALL CAP FUND -,HDFC SMALL CAP FUND -,hdfcsmallcap,small_cap
130503,HDFC SMALL CAP FUND - -,HDFC SMALL CAP FUND - -,hdfcsmallcap,small_cap
130504,HDFC SMALL CAP FUND - -,HDFC SMALL CAP FUND - -,hdfcsmallcap,small_cap
131331,NIPPON INDIA ETF BSE SENSEX,NIPPON INDIA ETF BSE SENSEX,nipponetfbsesensex,index_fund
133122,KOTAK NIFTY BANK ETF,KOTAK NIFTY BANK ETF,kotakniftybanketf,index_fund
133307,LIC MF NIFTY 8 13 YR G SEC ETF,LIC MF NIFTY 8 13 YR G SEC ETF,licmfnifty813yrgsecetf,index_fund
133709,LIC MF LARGE & MID CAP FUND- -,LIC MF LARGE & MID CAP FUND- -,licmflargemidcap,mid_cap
133710,LIC MF LARGE & MID CAP FUND- -,LIC MF LARGE & MID CAP FUND- -,licmflargemidcap,mid_cap
133711,LIC MF LARGE & MID CAP FUND- -,LIC MF LARGE & MID CAP FUND- -,licmflargemidcap,mid_cap
133712,LIC MF LARGE & MID CAP FUND- -,LIC MF LARGE & MID CAP FUND- -,licmflargemidcap,mid_cap
133836,PGIM INDIA FLEXI CAP FUND - -,PGIM INDIA FLEXI CAP FUND - -,pgimflexicap,multi_cap
133837,PGIM INDIA FLEXI CAP FUND - -,PGIM INDIA FLEXI CAP FUND - -,pgimflexicap,multi_cap
133838,PGIM INDIA FLEXI CAP FUND - -,PGIM INDIA FLEXI CAP FUND - -,pgimflexicap,multi_cap
133839,PGIM INDIA FLEXI CAP FUND - -,PGIM INDIA FLEXI CAP FUND - -,pgimflexicap,multi_cap
134008,SBI NIFTY BANK ETF,SBI NIFTY BANK ETF,sbiniftybanketf,index_fund
134013,SBI NIFTY NEXT 50 ETF,SBI NIFTY NEXT 50 ETF,sbiniftynext50etf,index_fund
134014,SBI BSE 100 ETF,SBI BSE 100 ETF,sbibse100etf,index_fund
134782,NIPPON INDIA ETF NIFTY 50 VALUE 20,NIPPON INDIA ETF NIFTY 50 VALUE 20,nipponetfnifty50value20,index_fund
134954,JM LARGE CAP FUND ( ) -,JM LARGE CAP FUND ( ) -,jmlargecap,large_cap
134955,JM LARGE CAP FUND ( ) - HALF YEARLY,JM LARGE CAP FUND ( ) - HALF YEARLY,jmlargecaphalfyearly,large_cap
134956,JM LARGE CAP FUND ( ) -,JM LARGE CAP FUND ( ) -,jmlargecap,large_cap
134957,JM LARGE CAP FUND ( ) - HALF YEARLY,JM LARGE CAP FUND ( ) - HALF YEARLY,jmlargecaphalfyearly,large_cap
134958,JM LARGE CAP FUND ( ) -,JM LARGE CAP FUND ( ) -,jmlargecap,large_cap
134959,JM LARGE CAP FUND ( ) -,JM LARGE CAP FUND ( ) -,jmlargecap,large_cap
134960,JM LARGE CAP FUND ( ) -,JM LARGE CAP FUND ( ) -,jmlargecap,large_cap
134961,JM LARGE CAP FUND ( ) -,JM LARGE CAP FUND ( ) -,jmlargecap,large_cap
135106,SBI NIFTY 50 ETF,SBI NIFTY 50 ETF,sbinifty50etf,index_fund
135320,UTI NIFTY 50 ETF,UTI NIFTY 50 ETF,utinifty50etf,index_fund
135321,UTI BSE SENSEX ETF,UTI BSE SENSEX ETF,utibsesensexetf,index_fund
135390,ICICI PRUDENTIAL NIFTY 50 INDEX FUND -,ICICI PRUDENTIAL NIFTY 50 INDEX FUND -,iciciprudentialnifty50index,index_fund
135391,ICICI PRUDENTIAL NIFTY 50 INDEX FUND -,ICICI PRUDENTIAL NIFTY 50 INDEX FUND -,iciciprudentialnifty50index,index_fund
135607,LIC MF NIFTY 50 ETF,LIC MF NIFTY 50 ETF,licmfnifty50etf,index_fund
135672,LIC MF BSE SENSEX ETF,LIC MF BSE SENSEX ETF,licmfbsesensexetf,index_fund
135677,NAVI LARGE & MIDCAP FUND- -,NAVI LARGE & MIDCAP FUND- -,navilargemidcap,mid_cap
135678,NAVI LARGE & MIDCAP FUND- -,NAVI LARGE & MIDCAP FUND- -,navilargemidcap,mid_cap
135679,NAVI LARGE & MIDCAP FUND - NORMAL,NAVI LARGE & MIDCAP FUND - NORMAL,navilargemidcapnormal,mid_cap
135680,NAVI LARGE & MIDCAP FUND - NORMAL,NAVI LARGE & MIDCAP FUND - NORMAL,navilargemidcapnormal,mid_cap
135744,KOTAK NIFTY 50 VALUE 20 ETF - OF INCOME DISTRIBUTION CUM CAPITAL WITHDRAWAL,KOTAK NIFTY 50 VALUE 20 ETF - OF INCOME DISTRIBUTION CUM CAPITAL WITHDRAWAL,kotaknifty50value20etfofincomedistributioncumcapitalwithdrawal,index_fund
135853,HDFC NIFTY 50 ETF -,HDFC NIFTY 50 ETF -,hdfcnifty50etf,index_fund
135854,HDFC BSE SENSEX ETF -,HDFC BSE SENSEX ETF -,hdfcbsesensexetf,index_fund
135859,EDELWEISS ETF - NIFTY BANK,EDELWEISS ETF - NIFTY BANK,edelweissetfniftybank,index_fund
136473,LIC MF NIFTY 100 ETF,LIC MF NIFTY 100 ETF,licmfnifty100etf,index_fund
138307,PGIM INDIA LARGE CAP FUND -,PGIM INDIA LARGE CAP FUND -,pgimlargecap,large_cap
138308,PGIM INDIA LARGE CAP FUND -,PGIM INDIA LARGE CAP FUND -,pgimlargecap,large_cap
138312,PGIM INDIA LARGE CAP FUND - -,PGIM INDIA LARGE CAP FUND - -,pgimlargecap,large_cap
138313,PGIM INDIA LARGE CAP FUND - -,PGIM INDIA LARGE CAP FUND - -,pgimlargecap,large_cap
139430,SBI NIFTY 10 YR BENCHMARK G SEC ETF,SBI NIFTY 10 YR BENCHMARK G SEC ETF,sbinifty10yrbenchmarkgsecetf,index_fund
139455,ICICI PRUDENTIAL NIFTY50 VALUE 20 ETF,ICICI PRUDENTIAL NIFTY50 VALUE 20 ETF,iciciprudentialnifty50value20etf,index_fund
139496,NIPPON INDIA ETF NIFTY 8 13 YR G SEC LONG TERM GILT,NIPPON INDIA ETF NIFTY 8 13 YR G SEC LONG TERM GILT,nipponetfnifty813yrgseclongtermgilt,index_fund
139519,ICICI PRUDENTIAL BSE MIDCAP SELECT ETF,ICICI PRUDENTIAL BSE MIDCAP SELECT ETF,iciciprudentialbsemidcapselectetf,index_fund
139527,BANK OF INDIA MID & SMALL CAP EQUITY & DEBT FUND -,BANK OF INDIA MID & SMALL CAP EQUITY & DEBT FUND -,bankofmidsmallcapequitydebt,small_cap
139528,BANK OF INDIA MID & SMALL CAP EQUITY & DEBT FUND -,BANK OF INDIA MID & SMALL CAP EQUITY & DEBT FUND -,bankofmidsmallcapequitydebt,small_cap
139529,BANK OF INDIA MID & SMALL CAP EQUITY & DEBT FUND -,BANK OF INDIA MID & SMALL CAP EQUITY & DEBT FUND -,bankofmidsmallcapequitydebt,small_cap
139530,BANK OF INDIA MID & SMALL CAP EQUITY & DEBT FUND -,BANK OF INDIA MID & SMALL CAP EQUITY & DEBT FUND -,bankofmidsmallcapequitydebt,small_cap
139581,ADITYA BIRLA SUN LIFE BSE SENSEX ETF,ADITYA BIRLA SUN LIFE BSE SENSEX ETF,adityabirlasunlifebsesensexetf,index_fund
139839,BANDHAN NIFTY 50 ETF,BANDHAN NIFTY 50 ETF,bandhannifty50etf,index_fund
139840,BANDHAN BSE SENSEX ETF,BANDHAN BSE SENSEX ETF,bandhanbsesensexetf,index_fund
140084,NIPPON INDIA ETF NIFTY 50 BEES,NIPPON INDIA ETF NIFTY 50 BEES,nipponetfnifty50bees,index_fund
140085,NIPPON INDIA ETF NIFTY NEXT 50 JUNIOR BEES,NIPPON INDIA ETF NIFTY NEXT 50 JUNIOR BEES,nipponetfniftynext50juniorbees,index_fund
140086,NIPPON INDIA ETF NIFTY 1D RATE LIQUID BEES - DAILY,NIPPON INDIA ETF NIFTY 1D RATE LIQUID BEES - DAILY,nipponetfnifty1drateliquidbeesdaily,index_fund
140087,NIPPON INDIA ETF NIFTY BANK BEES,NIPPON INDIA ETF NIFTY BANK BEES,nipponetfniftybankbees,index_fund
140088,NIPPON INDIA ETF GOLD BEES,NIPPON INDIA ETF GOLD BEES,nipponetfgoldbees,index_fund
140089,NIPPON INDIA ETF NIFTY PSU BANK BEES,NIPPON INDIA ETF NIFTY PSU BANK BEES,nipponetfniftypsubankbees,index_fund
140094,NIPPON INDIA ETF NIFTY 50 SHARIAH BEES,NIPPON INDIA ETF NIFTY 50 SHARIAH BEES,nipponetfnifty50shariahbees,index_fund
140095,NIPPON INDIA ETF HANG SENG BEES,NIPPON INDIA ETF HANG SENG BEES,nipponetfhangsengbees,index_fund
140102,NIPPON INDIA ETF NIFTY INFRASTRUCTURE BEES,NIPPON INDIA ETF NIFTY INFRASTRUCTURE BEES,nipponetfniftyinfrastructurebees,index_fund
140107,CPSE ETF,CPSE ETF,cpseetf,index_fund
140172,EDELWEISS LARGE & MID CAP FUND - -,EDELWEISS LARGE & MID CAP FUND - -,edelweisslargemidcap,mid_cap
140173,EDELWEISS LARGE AND MID CAP FUND - -,EDELWEISS LARGE AND MID CAP FUND - -,edelweisslargeandmidcap,mid_cap
140174,EDELWEISS LARGE AND MID CAP FUND - -,EDELWEISS LARGE AND MID CAP FUND - -,edelweisslargeandmidcap,mid_cap
140175,EDELWEISS LARGE & MID CAP FUND - -,EDELWEISS LARGE & MID CAP FUND - -,edelweisslargemidcap,mid_cap
140225,EDELWEISS MID CAP FUND - -,EDELWEISS MID CAP FUND - -,edelweissmidcap,mid_cap
140226,EDELWEISS MID CAP FUND - -,EDELWEISS MID CAP FUND - -,edelweissmidcap,mid_cap
140227,EDELWEISS MID CAP FUND - -,EDELWEISS MID CAP FUND - -,edelweissmidcap,mid_cap
140228,EDELWEISS MID CAP FUND - -,EDELWEISS MID CAP FUND - -,edelweissmidcap,mid_cap
140353,EDELWEISS FLEXI CAP FUND - -,EDELWEISS FLEXI CAP FUND - -,edelweissflexicap,multi_cap
140354,EDELWEISS FLEXI CAP FUND - -,EDELWEISS FLEXI CAP FUND - -,edelweissflexicap,multi_cap
140355,EDELWEISS FLEXI CAP FUND - -,EDELWEISS FLEXI CAP FUND - -,edelweissflexicap,multi_cap
140356,EDELWEISS FLEXI CAP FUND - -,EDELWEISS FLEXI CAP FUND - -,edelweissflexicap,multi_cap
140809,GROWW LARGECAP FUND (FORMERLY KNOWN AS INDIABULLS BLUECHIP FUND)- - - INCOME DISTRIBUTION CUM CAPITAL WITHDRAWAL ( & ),GROWW LARGECAP FUND (FORMERLY KNOWN AS INDIABULLS BLUECHIP FUND)- - - INCOME DISTRIBUTION CUM CAPITAL WITHDRAWAL ( & ),growwlargecapformerlyknownasindiabullsbluechipincomedistributioncumcapitalwithdrawal,large_cap
140810,GROWW LARGECAP FUND (FORMERLY KNOWN AS INDIABULLS BLUECHIP FUND)- - - INCOME DISTRIBUTION CUM CAPITAL WITHDRAWAL ( & ),GROWW LARGECAP FUND (FORMERLY KNOWN AS INDIABULLS BLUECHIP FUND)- - - INCOME DISTRIBUTION CUM CAPITAL WITHDRAWAL ( & ),growwlargecapformerlyknownasindiabullsbluechipincomedistributioncumcapitalwithdrawal,large_cap
140811,GROWW LARGECAP FUND (FORMERLY KNOWN AS INDIABULLS BLUECHIP FUND)- - - INCOME DISTRIBUTION CUM CAPITAL WITHDRAWAL ( & ),GROWW LARGECAP FUND (FORMERLY KNOWN AS INDIABULLS BLUECHIP FUND)- - - INCOME DISTRIBUTION CUM CAPITAL WITHDRAWAL ( & ),growwlargecapformerlyknownasindiabullsbluechipincomedistributioncumcapitalwithdrawal,large_cap
140812,GROWW LARGECAP FUND (FORMERLY KNOWN AS INDIABULLS BLUECHIP FUND)- - - INCOME DISTRIBUTION CUM CAPITAL WITHDRAWAL ( & ),GROWW LARGECAP FUND (FORMERLY KNOWN AS INDIABULLS BLUECHIP FUND)- - - INCOME DISTRIBUTION CUM CAPITAL WITHDRAWAL ( & ),growwlargecapformerlyknownasindiabullsbluechipincomedistributioncumcapitalwithdrawal,large_cap
140813,GROWW LARGECAP FUND (FORMERLY KNOWN AS INDIABULLS BLUECHIP FUND)- - HALF YEARLY - INCOME DISTRIBUTION CUM CAPITAL WITHDRAWAL ( & ),GROWW LARGECAP FUND (FORMERLY KNOWN AS INDIABULLS BLUECHIP FUND)- - HALF YEARLY - INCOME DISTRIBUTION CUM CAPITAL WITHDRAWAL ( & ),growwlargecapformerlyknownasindiabullsbluechiphalfyearlyincomedistributioncumcapitalwithdrawal,large_cap
140814,GROWW LARGECAP FUND (FORMERLY KNOWN AS INDIABULLS BLUECHIP FUND)- - HALF YEARLY -INCOME DISTRIBUTION CUM CAPITAL WITHDRAWAL ( & ),GROWW LARGECAP FUND (FORMERLY KNOWN AS INDIABULLS BLUECHIP FUND)- - HALF YEARLY -INCOME DISTRIBUTION CUM CAPITAL WITHDRAWAL ( & ),growwlargecapformerlyknownasindiabullsbluechiphalfyearlyincomedistributioncumcapitalwithdrawal,large_cap
141223,MAHINDRA MANULIFE MULTI CAP FUND - -,MAHINDRA MANULIFE MULTI CAP FUND - -,mahindramanulifemulticap,multi_cap
141224,MAHINDRA MANULIFE MULTI CAP FUND - -,MAHINDRA MANULIFE MULTI CAP FUND - -,mahindramanulifemulticap,multi_cap
141225,MAHINDRA MANULIFE MULTI CAP FUND - -,MAHINDRA MANULIFE MULTI CAP FUND - -,mahindramanulifemulticap,multi_cap
141226,MAHINDRA MANULIFE MULTI CAP FUND - -,MAHINDRA MANULIFE MULTI CAP FUND - -,mahindramanulifemulticap,multi_cap
141247,UNION LARGECAP FUND - -,UNION LARGECAP FUND - -,unionlargecap,large_cap
141248,UNION LARGECAP FUND - -,UNION LARGECAP FUND - -,unionlargecap,large_cap
141249,UNION LARGECAP FUND - -,UNION LARGECAP FUND - -,unionlargecap,large_cap
141250,UNION LARGECAP FUND - -,UNION LARGECAP FUND - -,unionlargecap,large_cap
141411,NAVI LARGE & MIDCAP FUND -,NAVI LARGE & MIDCAP FUND -,navilargemidcap,mid_cap
141414,NAVI LARGE & MIDCAP FUND -,NAVI LARGE & MIDCAP FUND -,navilargemidcap,mid_cap
141415,NAVI LARGE & MIDCAP FUND - HALF YEARLY,NAVI LARGE & MIDCAP FUND - HALF YEARLY,navilargemidcaphalfyearly,mid_cap
141545,AXIS NIFTY 50 ETF,AXIS NIFTY 50 ETF,axisnifty50etf,index_fund
141596,ICICI PRUDENTIAL NIFTY 100 LOW VOLATILITY 30 ETF,ICICI PRUDENTIAL NIFTY 100 LOW VOLATILITY 30 ETF,iciciprudentialnifty100lowvolatility30etf,index_fund
141665,UTI NIFTY NEXT 50 EXCHANGE TRADED FUND,UTI NIFTY NEXT 50 EXCHANGE TRADED FUND,utiniftynext50exchangetraded,index_fund
141839,ICICI PRUDENTIAL BSE SENSEX INDEX FUND - CUMULATIVE,ICICI PRUDENTIAL BSE SENSEX INDEX FUND - CUMULATIVE,iciciprudentialbsesensexindexcumulative,index_fund
141840,ICICI PRUDENTIAL BSE SENSEX INDEX FUND -,ICICI PRUDENTIAL BSE SENSEX INDEX FUND -,iciciprudentialbsesensexindex,index_fund
141841,ICICI PRUDENTIAL BSE SENSEX INDEX FUND - - CUMULATIVE,ICICI PRUDENTIAL BSE SENSEX INDEX FUND - - CUMULATIVE,iciciprudentialbsesensexindexcumulative,index_fund
141842,ICICI PRUDENTIAL BSE SENSEX INDEX FUND - -,ICICI PRUDENTIAL BSE SENSEX INDEX FUND - -,iciciprudentialbsesensexindex,index_fund
141875,DSP NIFTY 50 EQUAL WEIGHT INDEX FUND - -,DSP NIFTY 50 EQUAL WEIGHT INDEX FUND - -,dspnifty50equalweightindex,index_fund
141876,DSP NIFTY 50 EQUAL WEIGHT INDEX FUND - -,DSP NIFTY 50 EQUAL WEIGHT INDEX FUND - -,dspnifty50equalweightindex,index_fund
141877,DSP NIFTY 50 EQUAL WEIGHT INDEX FUND - -,DSP NIFTY 50 EQUAL WEIGHT INDEX FUND - -,dspnifty50equalweightindex,index_fund
141878,DSP NIFTY 50 EQUAL WEIGHT INDEX FUND - -,DSP NIFTY 50 EQUAL WEIGHT INDEX FUND - -,dspnifty50equalweightindex,index_fund
141925,AXIS FLEXI CAP FUND - -,AXIS FLEXI CAP FUND - -,axisflexicap,multi_cap
141926,AXIS FLEXI CAP FUND - -,AXIS FLEXI CAP FUND - -,axisflexicap,multi_cap
141927,AXIS FLEXI CAP FUND - -,AXIS FLEXI CAP FUND - -,axisflexicap,multi_cap
141928,AXIS FLEXI CAP FUND - -,AXIS FLEXI CAP FUND - -,axisflexicap,multi_cap
141957,BHARAT 22 ETF,BHARAT 22 ETF,bharat22etf,index_fund
142107,MAHINDRA MANULIFE MID CAP FUND- -,MAHINDRA MANULIFE MID CAP FUND- -,mahindramanulifemidcap,mid_cap
142108,MAHINDRA MANULIFE MID CAP FUND - -,MAHINDRA MANULIFE MID CAP FUND - -,mahindramanulifemidcap,mid_cap
142109,MAHINDRA MANULIFE MID CAP FUND - -,MAHINDRA MANULIFE MID CAP FUND - -,mahindramanulifemidcap,mid_cap
142110,MAHINDRA MANULIFE MID CAP FUND - -,MAHINDRA MANULIFE MID CAP FUND - -,mahindramanulifemidcap,mid_cap
142589,DSP NIFTY 1D RATE LIQUID ETF,DSP NIFTY 1D RATE LIQUID ETF,dspnifty1drateliquidetf,index_fund
143247,ICICI PRUDENTIAL BSE 500 ETF,ICICI PRUDENTIAL BSE 500 ETF,iciciprudentialbse500etf,index_fund
143340,UTI NIFTY NEXT 50 INDEX FUND - -,UTI NIFTY NEXT 50 INDEX FUND - -,utiniftynext50index,index_fund
143341,UTI NIFTY NEXT 50 INDEX FUND - -,UTI NIFTY NEXT 50 INDEX FUND - -,utiniftynext50index,index_fund
143787,NAVI FLEXI CAP FUND - -,NAVI FLEXI CAP FUND - -,naviflexicap,multi_cap
143788,NAVI FLEXI CAP FUND -,NAVI FLEXI CAP FUND -,naviflexicap,multi_cap
143789,NAVI FLEXI CAP FUND - NORMAL,NAVI FLEXI CAP FUND - NORMAL,naviflexicapnormal,multi_cap
143790,NAVI FLEXI CAP FUND -,NAVI FLEXI CAP FUND -,naviflexicap,multi_cap
143791,NAVI FLEXI CAP FUND -,NAVI FLEXI CAP FUND -,naviflexicap,multi_cap
143792,NAVI FLEXI CAP FUND - NORMAL,NAVI FLEXI CAP FUND - NORMAL,naviflexicapnormal,multi_cap
143793,NAVI FLEXI CAP FUND - -,NAVI FLEXI CAP FUND - -,naviflexicap,multi_cap
143794,NAVI FLEXI CAP FUND - HALF YEARLY,NAVI FLEXI CAP FUND - HALF YEARLY,naviflexicaphalfyearly,multi_cap
143795,NAVI FLEXI CAP FUND -,NAVI FLEXI CAP FUND -,naviflexicap,multi_cap
143796,NAVI FLEXI CAP FUND -,NAVI FLEXI CAP FUND -,naviflexicap,multi_cap
143797,NAVI FLEXI CAP FUND - HALF YEARLY,NAVI FLEXI CAP FUND - HALF YEARLY,naviflexicaphalfyearly,multi_cap
143798,NAVI FLEXI CAP FUND -,NAVI FLEXI CAP FUND -,naviflexicap,multi_cap
144543,TATA FLEXI CAP FUND - OF INCOME DISTRIBUTION CUM CAPITAL WITHDRAWAL,TATA FLEXI CAP FUND - OF INCOME DISTRIBUTION CUM CAPITAL WITHDRAWAL,tataflexicapofincomedistributioncumcapitalwithdrawal,multi_cap
144545,TATA FLEXI CAP FUND - OF INCOME DISTRIBUTION CUM CAPITAL WITHDRAWAL,TATA FLEXI CAP FUND - OF INCOME DISTRIBUTION CUM CAPITAL WITHDRAWAL,tataflexicapofincomedistributioncumcapitalwithdrawal,multi_cap
144546,TATA FLEXI CAP FUND- -,TATA FLEXI CAP FUND- -,tataflexicap,multi_cap
144548,TATA FLEXI CAP FUND - -,TATA FLEXI CAP FUND - -,tataflexicap,multi_cap
144587,ICICI PRUDENTIAL NIFTY NEXT 50 ETF,ICICI PRUDENTIAL NIFTY NEXT 50 ETF,iciciprudentialniftynext50etf,index_fund
144902,SHRIRAM FLEXI CAP FUND -,SHRIRAM FLEXI CAP FUND -,shriramflexicap,multi_cap
144903,SHRIRAM FLEXI CAP FUND - -,SHRIRAM FLEXI CAP FUND - -,shriramflexicap,multi_cap
144905,SHRIRAM FLEXI CAP FUND -,SHRIRAM FLEXI CAP FUND -,shriramflexicap,multi_cap
144906,SHRIRAM FLEXI CAP FUND - -,SHRIRAM FLEXI CAP FUND - -,shriramflexicap,multi_cap
144916,SBI BSE SENSEX NEXT 50 ETF,SBI BSE SENSEX NEXT 50 ETF,sbibsesensexnext50etf,index_fund
144947,ICICI PRUDENTIAL BSE LIQUID RATE ETF -,ICICI PRUDENTIAL BSE LIQUID RATE ETF -,iciciprudentialbseliquidrateetf,index_fund
145109,AXIS LARGE & MID CAP FUND - -,AXIS LARGE & MID CAP FUND - -,axislargemidcap,mid_cap
145110,AXIS LARGE & MID CAP FUND - -,AXIS LARGE & MID CAP FUND - -,axislargemidcap,mid_cap
145111,AXIS LARGE & MID CAP FUND - -,AXIS LARGE & MID CAP FUND - -,axislargemidcap,mid_cap
145112,AXIS LARGE & MID CAP FUND - -,AXIS LARGE & MID CAP FUND - -,axislargemidcap,mid_cap
145137,INVESCO INDIA SMALLCAP FUND - -,INVESCO INDIA SMALLCAP FUND - -,invescosmallcap,small_cap
145138,INVESCO INDIA SMALLCAP FUND - - ( / ),INVESCO INDIA SMALLCAP FUND - - ( / ),invescosmallcap,small_cap
145139,INVESCO INDIA SMALLCAP FUND - -,INVESCO INDIA SMALLCAP FUND - -,invescosmallcap,small_cap
145140,INVESCO INDIA SMALLCAP FUND - - ( / ),INVESCO INDIA SMALLCAP FUND - - ( / ),invescosmallcap,small_cap
145206,TATA SMALL CAP FUND- -,TATA SMALL CAP FUND- -,tatasmallcap,small_cap
145208,TATA SMALL CAP FUND- -,TATA SMALL CAP FUND- -,tatasmallcap,small_cap
145209,TATA SMALL CAP FUND - OF INCOME DISTRIBUTION CUM CAPITAL WITHDRAWAL,TATA SMALL CAP FUND - OF INCOME DISTRIBUTION CUM CAPITAL WITHDRAWAL,tatasmallcapofincomedistributioncumcapitalwithdrawal,small_cap
145210,TATA SMALL CAP FUND - OF INCOME DISTRIBUTION CUM CAPITAL WITHDRAWAL,TATA SMALL CAP FUND - OF INCOME DISTRIBUTION CUM CAPITAL WITHDRAWAL,tatasmallcapofincomedistributioncumcapitalwithdrawal,small_cap
145633,MIRAE ASSET NIFTY 50 ETF,MIRAE ASSET NIFTY 50 ETF,miraeassetnifty50etf,index_fund
145648,SBI NIFTY 200 QUALITY 30 ETF,SBI NIFTY 200 QUALITY 30 ETF,sbinifty200quality30etf,index_fund
145675,BANK OF INDIA SMALL CAP FUND,BANK OF INDIA SMALL CAP FUND,bankofsmallcap,small_cap
145676,BANK OF INDIA SMALL CAP FUND,BANK OF INDIA SMALL CAP FUND,bankofsmallcap,small_cap
145677,BANK OF INDIA SMALL CAP FUND,BANK OF INDIA SMALL CAP FUND,bankofsmallcap,small_cap
145678,BANK OF INDIA SMALL CAP FUND,BANK OF INDIA SMALL CAP FUND,bankofsmallcap,small_cap
145881,ADITYA BIRLA SUNLIFE NIFTY NEXT 50 ETF,ADITYA BIRLA SUNLIFE NIFTY NEXT 50 ETF,adityabirlasunlifeniftynext50etf,index_fund
